-- --------------------------------------------------------
-- KBO 야구 일정 웹사이트 데이터 삽입
-- --------------------------------------------------------

USE team05_db;   

-- 1. leagues 테이블 삽입
INSERT INTO leagues (id, name, year) VALUES
(1, 'KBO 2025', 2025),
(2, 'KBO 2024', 2024),
(3, 'KBO 2023', 2023),
(4, 'KBO 2022', 2022),
(5, 'kBO 2021', 2021);

-- 2. regions 테이블 삽입
INSERT INTO regions (id, name) VALUES
(1, '서울'),
(2, '서울(고척)'),
(3, '인천'),
(4, '수원'),
(5, '대전'),
(6, '대구'),
(7, '광주'),
(8, '부산'),
(9, '창원');

-- 3. stadiums 테이블 삽입
INSERT INTO stadiums (id, name, location, capacity, region_id) VALUES
(1, '서울종합운동장 야구장', '서울특별시 송파구 올림픽로 25', 25000, 1),
(2, '고척 스카이돔', '서울특별시 구로구 경인로 431', 16744, 2),
(3, '인천SSG랜더스필드', '인천광역시 미추홀구 매소홀로 618', 25000, 3),
(4, '수원 케이티 위즈 파크', '경기도 수원시 장안구 경수대로 893', 20000, 4),
(5, '대전 한화생명 볼파크', '대전광역시 중구 대종로 373', 17000, 5),
(6, '대구 삼성 라이온즈 파크', '대구광역시 수성구 야구전설로 1', 24000, 6),
(7, '광주-기아 챔피언스 필드', '광주광역시 북구 서림로 10', 27000, 7),
(8, '사직 야구장', '부산광역시 동래구 사직로 45', 24500, 8),
(9, '창원 NC파크', '경상남도 창원시 마산회원구 삼호로 63', 22112, 9);

-- 4. teams 테이블 삽입
INSERT INTO teams (id, name, logo, league_id, region_id) VALUES
(1, '두산 베어스', 'https://www.koreabaseball.com/kbo/league/teaminfo.aspx#layerPopOB', 1, 1),
(2, 'LG 트윈스', 'https://www.koreabaseball.com/kbo/league/teaminfo.aspx#layerPopLG', 1, 1),
(3, '키움 히어로즈', 'https://www.koreabaseball.com/kbo/league/teaminfo.aspx#layerPopWO', 1, 2),
(4, 'SSG 랜더스', 'https://www.koreabaseball.com/kbo/league/teaminfo.aspx#layerPopSK', 1, 3),
(5, 'KT 위즈', 'https://www.koreabaseball.com/kbo/league/teaminfo.aspx#layerPopKT', 1, 4),
(6, '한화 이글스', 'https://www.koreabaseball.com/kbo/league/teaminfo.aspx#layerPopHH', 1, 5),
(7, '삼성 라이온즈', 'https://www.koreabaseball.com/kbo/league/teaminfo.aspx#layerPopSS', 1, 6),
(8, 'KIA 타이거즈', 'https://www.koreabaseball.com/kbo/league/teaminfo.aspx#layerPopHT', 1, 7),
(9, '롯데 자이언츠', 'https://www.koreabaseball.com/kbo/league/teaminfo.aspx#layerPopLT', 1, 8),
(10, 'NC 다이노스', 'https://www.koreabaseball.com/kbo/league/teaminfo.aspx#layerPopNC', 1, 9);

-- 5. players 테이블 삽입 (100개 레코드)
INSERT INTO players (id, team_id, uniform_number, name, position, birth_date, height_cm, weight_kg) VALUES
(1, 5, 5, '이현우', '투수', '1996-03-26', 191, 83),
(2, 8, 27, '한서연', '외야수', '1994-02-02', 180, 109),
(3, 5, 6, '한지훈', '외야수', '1987-05-24', 199, 84),
(4, 4, 35, '정지영', '포수', '1987-03-15', 190, 82),
(5, 7, 12, '장태현', '포수', '2003-03-26', 170, 105),
(6, 7, 14, '정지훈', '내야수', '1995-10-03', 171, 78),
(7, 4, 33, '최수빈', '투수', '1994-08-03', 194, 79),
(8, 9, 49, '오민수', '외야수', '2002-04-21', 194, 65),
(9, 6, 71, '이태현', '외야수', '2002-08-12', 188, 68),
(10, 6, 74, '정지원', '외야수', '1991-05-12', 192, 72),
(11, 7, 71, '김민수', '외야수', '1993-04-14', 184, 65),
(12, 4, 83, '한유진', '외야수', '1996-11-13', 171, 100),
(13, 5, 26, '장지훈', '외야수', '1998-12-18', 183, 86),
(14, 3, 39, '장현우', '외야수', '2001-01-01', 171, 97),
(15, 9, 91, '윤유진', '포수', '1988-06-13', 193, 81),
(16, 6, 54, '최준호', '내야수', '1992-04-09', 170, 105),
(17, 5, 42, '이지영', '투수', '2003-11-27', 200, 85),
(18, 6, 22, '장유진', '외야수', '1992-07-04', 178, 102),
(19, 2, 68, '박서연', '외야수', '1989-03-04', 174, 91),
(20, 8, 60, '한현우', '포수', '1999-05-28', 172, 80),
(21, 6, 6, '김태현', '외야수', '1997-07-19', 180, 109),
(22, 9, 19, '윤지훈', '포수', '1993-04-25', 179, 69),
(23, 4, 99, '임태현', '투수', '1998-11-18', 179, 74),
(24, 6, 69, '오민수', '외야수', '1993-01-26', 175, 84),
(25, 5, 9, '한지훈', '내야수', '2002-11-10', 197, 72),
(26, 7, 31, '한지원', '투수', '2003-12-13', 197, 92),
(27, 8, 8, '오현우', '내야수', '2005-12-08', 199, 107),
(28, 3, 84, '최준호', '투수', '1992-02-22', 177, 88),
(29, 9, 54, '장지영', '투수', '2000-02-20', 172, 106),
(30, 2, 10, '최지영', '포수', '1999-09-17', 171, 69),
(31, 9, 7, '한지훈', '외야수', '2002-12-05', 172, 92),
(32, 5, 17, '한태현', '외야수', '1991-02-02', 172, 107),
(33, 10, 44, '정지영', '투수', '1989-07-20', 192, 102),
(34, 6, 47, '한현우', '포수', '2002-03-16', 186, 87),
(35, 7, 1, '최지영', '내야수', '1998-01-05', 172, 66),
(36, 7, 3, '이민수', '포수', '1993-08-26', 171, 78),
(37, 8, 57, '장태현', '포수', '1986-08-13', 196, 101),
(38, 6, 85, '장준호', '투수', '2004-04-19', 196, 93),
(39, 5, 10, '윤지영', '내야수', '1996-08-10', 186, 78),
(40, 6, 95, '이서연', '내야수', '1992-01-28', 188, 96),
(41, 3, 5, '윤지영', '투수', '1994-06-04', 196, 105),
(42, 6, 70, '김현우', '외야수', '1996-06-15', 199, 72),
(43, 9, 64, '최준호', '내야수', '2001-02-27', 182, 108),
(44, 3, 80, '임지원', '외야수', '2003-07-16', 174, 85),
(45, 3, 89, '이민수', '내야수', '1990-02-12', 180, 73),
(46, 2, 52, '임서연', '내야수', '1987-10-27', 193, 85),
(47, 2, 11, '오준호', '포수', '1998-07-22', 182, 104),
(48, 2, 87, '한유진', '외야수', '1999-07-19', 172, 74),
(49, 8, 36, '장수빈', '포수', '1999-02-11', 198, 105),
(50, 2, 21, '정유진', '외야수', '2002-07-15', 193, 81),
(51, 1, 71, '이지훈', '외야수', '2005-11-27', 200, 90),
(52, 3, 75, '이지원', '투수', '1990-11-17', 190, 76),
(53, 3, 33, '윤유진', '포수', '1993-05-14', 178, 76),
(54, 1, 10, '박서연', '포수', '1996-05-03', 189, 69),
(55, 7, 25, '윤지훈', '내야수', '1993-05-23', 181, 77),
(56, 10, 71, '이준호', '포수', '1994-04-12', 189, 74),
(57, 8, 1, '정지원', '포수', '1988-09-18', 180, 66),
(58, 3, 83, '한태현', '외야수', '2001-01-03', 177, 73),
(59, 10, 39, '박지영', '내야수', '2005-11-05', 198, 105),
(60, 10, 69, '한현우', '외야수', '1997-12-24', 174, 75),
(61, 2, 66, '이지영', '외야수', '1995-01-22', 186, 108),
(62, 1, 15, '박지원', '투수', '2005-06-20', 194, 75),
(63, 6, 65, '이현우', '포수', '1997-04-13', 184, 81),
(64, 10, 87, '김서연', '내야수', '1999-02-28', 175, 74),
(65, 6, 28, '윤지영', '내야수', '1995-12-20', 187, 86),
(66, 2, 44, '이태현', '투수', '1996-01-18', 178, 71),
(67, 6, 58, '김지훈', '투수', '1987-05-13', 170, 66),
(68, 6, 26, '오지영', '외야수', '1991-10-11', 188, 94),
(69, 9, 88, '정태현', '포수', '1996-02-14', 176, 71),
(70, 8, 27, '정지원', '투수', '1996-07-02', 178, 106),
(71, 7, 95, '김서연', '포수', '2005-01-21', 181, 85),
(72, 10, 35, '한서연', '투수', '1993-01-18', 172, 68),
(73, 1, 15, '이현우', '내야수', '1997-06-19', 186, 75),
(74, 3, 46, '김서연', '투수', '1997-01-09', 186, 67),
(75, 7, 82, '윤서연', '외야수', '1994-01-21', 193, 96),
(76, 1, 29, '이지훈', '내야수', '1999-11-05', 182, 77),
(77, 9, 19, '박유진', '외야수', '1996-08-03', 171, 92),
(78, 3, 89, '장준호', '외야수', '2002-06-16', 171, 90),
(79, 6, 44, '이준호', '포수', '2004-04-07', 181, 65),
(80, 6, 1, '한민수', '포수', '1995-11-08', 171, 84),
(81, 3, 6, '정지영', '포수', '2005-06-16', 171, 103),
(82, 6, 17, '최준호', '외야수', '1986-12-07', 197, 100),
(83, 5, 35, '윤지훈', '포수', '1999-08-16', 187, 88),
(84, 10, 62, '이지훈', '포수', '2002-11-23', 188, 80),
(85, 2, 40, '오태현', '포수', '1996-08-17', 188, 108),
(86, 4, 61, '정지영', '투수', '1998-12-12', 176, 71),
(87, 9, 57, '임준호', '내야수', '1987-09-17', 194, 109),
(88, 2, 61, '이수빈', '투수', '1993-03-04', 185, 79),
(89, 4, 45, '박지영', '투수', '1988-12-16', 197, 73),
(90, 4, 9, '한현우', '포수', '2003-08-02', 200, 75),
(91, 6, 55, '오지원', '내야수', '1989-04-17', 172, 69),
(92, 4, 11, '윤서연', '포수', '1996-02-22', 189, 85),
(93, 6, 77, '윤서연', '포수', '1987-03-28', 187, 83),
(94, 5, 11, '최지훈', '투수', '1997-11-23', 184, 98),
(95, 6, 19, '정유진', '포수', '1989-07-11', 176, 65),
(96, 10, 24, '김지영', '포수', '1990-12-17', 171, 80),
(97, 8, 53, '이태현', '포수', '1986-04-13', 179, 94),
(98, 5, 86, '장서연', '외야수', '1992-04-10', 175, 105),
(99, 3, 62, '임지원', '내야수', '1996-05-04', 174, 84),
(100, 7, 16, '최수빈', '포수', '1989-08-05', 200, 76);

-- 6. matches 테이블 삽입 (300개 레코드)
INSERT INTO matches (id, date, time, stadium_id, league_id, home_team_id, away_team_id, status) VALUES
(1, '2021-04-01', '18:00:00', 6, 5, 4, 2, 'scheduled'),
(2, '2024-05-02', '14:30:00', 7, 2, 6, 10, 'finished'),
(3, '2025-06-03', '15:30:00', 8, 1, 2, 9, 'scheduled'),
(4, '2025-07-04', '17:30:00', 2, 1, 7, 8, 'live'),
(5, '2024-08-05', '18:00:00', 9, 2, 4, 2, 'live'),
(6, '2023-09-06', '16:30:00', 2, 3, 8, 4, 'live'),
(7, '2025-10-07', '15:00:00', 4, 1, 6, 1, 'finished'),
(8, '2023-11-08', '16:00:00', 3, 3, 7, 5, 'finished'),
(9, '2021-12-09', '14:30:00', 2, 5, 10, 2, 'scheduled'),
(10, '2024-12-10', '19:30:00', 8, 2, 6, 10, 'finished'),
(11, '2021-12-11', '17:30:00', 9, 5, 7, 3, 'live'),
(12, '2025-12-12', '16:30:00', 2, 1, 8, 10, 'live'),
(13, '2022-04-13', '18:30:00', 7, 4, 8, 6, 'live'),
(14, '2023-05-14', '17:30:00', 8, 3, 1, 5, 'scheduled'),
(15, '2022-06-15', '16:00:00', 5, 4, 1, 8, 'finished'),
(16, '2022-07-16', '14:00:00', 5, 4, 6, 4, 'finished'),
(17, '2022-08-17', '14:30:00', 6, 4, 8, 3, 'finished'),
(18, '2023-09-18', '15:30:00', 3, 3, 7, 9, 'live'),
(19, '2025-10-19', '18:00:00', 8, 1, 6, 10, 'scheduled'),
(20, '2025-11-20', '19:00:00', 7, 1, 10, 3, 'finished'),
(21, '2025-12-21', '19:30:00', 3, 1, 10, 6, 'finished'),
(22, '2023-12-22', '18:30:00', 3, 3, 9, 2, 'live'),
(23, '2021-12-23', '16:30:00', 3, 5, 6, 3, 'live'),
(24, '2022-12-24', '18:00:00', 8, 4, 4, 1, 'finished'),
(25, '2024-04-25', '19:00:00', 4, 2, 3, 1, 'scheduled'),
(26, '2025-05-26', '19:00:00', 1, 1, 5, 7, 'live'),
(27, '2024-06-27', '15:30:00', 4, 2, 6, 2, 'scheduled'),
(28, '2025-07-28', '14:30:00', 2, 1, 1, 9, 'scheduled'),
(29, '2022-08-01', '18:00:00', 5, 4, 8, 10, 'finished'),
(30, '2021-09-02', '15:30:00', 1, 5, 5, 3, 'live'),
(31, '2022-10-03', '15:30:00', 7, 4, 3, 7, 'scheduled'),
(32, '2024-11-04', '18:30:00', 7, 2, 10, 6, 'live'),
(33, '2022-12-05', '15:00:00', 6, 4, 2, 6, 'scheduled'),
(34, '2025-12-06', '14:30:00', 5, 1, 10, 1, 'live'),
(35, '2025-12-07', '18:00:00', 6, 1, 4, 2, 'scheduled'),
(36, '2022-12-08', '16:30:00', 7, 4, 4, 1, 'scheduled'),
(37, '2024-04-09', '16:30:00', 10, 2, 2, 10, 'live'),
(38, '2024-05-10', '14:30:00', 6, 2, 7, 1, 'finished'),
(39, '2025-06-11', '17:00:00', 4, 1, 10, 4, 'finished'),
(40, '2024-07-12', '16:30:00', 7, 2, 9, 1, 'live'),
(41, '2024-08-13', '18:30:00', 2, 2, 9, 3, 'finished'),
(42, '2022-09-14', '19:30:00', 2, 4, 1, 2, 'finished'),
(43, '2021-10-15', '16:00:00', 7, 5, 10, 9, 'scheduled'),
(44, '2025-11-16', '15:00:00', 2, 1, 9, 7, 'live'),
(45, '2023-12-17', '16:30:00', 10, 3, 6, 3, 'live'),
(46, '2021-12-18', '19:00:00', 6, 5, 2, 4, 'scheduled'),
(47, '2021-12-19', '19:00:00', 4, 5, 3, 4, 'scheduled'),
(48, '2023-12-20', '15:00:00', 5, 3, 3, 4, 'live'),
(49, '2021-04-21', '19:00:00', 2, 5, 4, 5, 'finished'),
(50, '2025-05-22', '14:00:00', 5, 1, 9, 1, 'finished'),
(51, '2024-06-23', '14:30:00', 7, 2, 7, 9, 'live'),
(52, '2021-07-24', '14:30:00', 1, 5, 7, 1, 'scheduled'),
(53, '2021-08-25', '18:00:00', 7, 5, 9, 1, 'finished'),
(54, '2021-09-26', '15:00:00', 2, 5, 7, 5, 'live'),
(55, '2024-10-27', '14:00:00', 2, 2, 9, 3, 'finished'),
(56, '2023-11-28', '19:00:00', 7, 3, 10, 4, 'live'),
(57, '2022-12-01', '15:30:00', 2, 4, 9, 1, 'finished'),
(58, '2024-12-02', '19:00:00', 6, 2, 1, 5, 'live'),
(59, '2025-12-03', '17:30:00', 10, 1, 7, 4, 'finished'),
(60, '2022-12-04', '16:00:00', 9, 4, 5, 10, 'finished'),
(61, '2023-04-05', '18:00:00', 1, 3, 9, 10, 'live'),
(62, '2025-05-06', '16:30:00', 9, 1, 6, 4, 'finished'),
(63, '2023-06-07', '15:00:00', 10, 3, 1, 6, 'scheduled'),
(64, '2023-07-08', '18:30:00', 5, 3, 9, 3, 'scheduled'),
(65, '2024-08-09', '16:30:00', 8, 2, 10, 6, 'scheduled'),
(66, '2021-09-10', '18:30:00', 10, 5, 7, 3, 'finished'),
(67, '2025-10-11', '17:30:00', 2, 1, 3, 7, 'scheduled'),
(68, '2025-11-12', '14:30:00', 9, 1, 5, 6, 'scheduled'),
(69, '2025-12-13', '16:00:00', 6, 1, 9, 5, 'scheduled'),
(70, '2021-12-14', '16:00:00', 8, 5, 9, 5, 'scheduled'),
(71, '2022-12-15', '16:30:00', 10, 4, 9, 1, 'finished'),
(72, '2023-12-16', '15:30:00', 8, 3, 10, 6, 'finished'),
(73, '2021-04-17', '14:30:00', 4, 5, 1, 7, 'live'),
(74, '2023-05-18', '17:00:00', 2, 3, 4, 1, 'finished'),
(75, '2021-06-19', '14:30:00', 10, 5, 6, 3, 'scheduled'),
(76, '2025-07-20', '16:00:00', 7, 1, 9, 2, 'live'),
(77, '2022-08-21', '16:30:00', 10, 4, 8, 10, 'live'),
(78, '2022-09-22', '18:30:00', 5, 4, 8, 7, 'scheduled'),
(79, '2022-10-23', '15:30:00', 4, 4, 5, 10, 'finished'),
(80, '2021-11-24', '14:30:00', 5, 5, 2, 4, 'live'),
(81, '2021-12-25', '17:00:00', 8, 5, 6, 5, 'scheduled'),
(82, '2024-12-26', '18:30:00', 2, 2, 10, 5, 'finished'),
(83, '2025-12-27', '14:00:00', 8, 1, 5, 4, 'scheduled'),
(84, '2022-12-28', '14:00:00', 5, 4, 8, 7, 'scheduled'),
(85, '2021-04-01', '18:00:00', 1, 5, 8, 10, 'scheduled'),
(86, '2022-05-02', '19:00:00', 3, 4, 9, 8, 'live'),
(87, '2025-06-03', '14:30:00', 7, 1, 7, 1, 'scheduled'),
(88, '2022-07-04', '16:30:00', 3, 4, 6, 7, 'live'),
(89, '2022-08-05', '18:30:00', 7, 4, 5, 3, 'finished'),
(90, '2024-09-06', '15:30:00', 9, 2, 3, 1, 'finished'),
(91, '2025-10-07', '16:30:00', 8, 1, 8, 3, 'scheduled'),
(92, '2022-11-08', '16:00:00', 2, 4, 5, 7, 'finished'),
(93, '2022-12-09', '18:00:00', 9, 4, 7, 10, 'finished'),
(94, '2025-12-10', '18:00:00', 2, 1, 8, 7, 'finished'),
(95, '2024-12-11', '17:30:00', 5, 2, 3, 10, 'scheduled'),
(96, '2025-12-12', '15:30:00', 10, 1, 5, 8, 'scheduled'),
(97, '2023-04-13', '19:30:00', 2, 3, 1, 3, 'finished'),
(98, '2025-05-14', '14:30:00', 4, 1, 4, 1, 'scheduled'),
(99, '2023-06-15', '19:00:00', 9, 3, 8, 1, 'finished'),
(100, '2022-07-16', '14:30:00', 8, 4, 1, 5, 'scheduled'),
(101, '2025-08-17', '14:00:00', 7, 1, 9, 6, 'finished'),
(102, '2023-09-18', '18:00:00', 7, 3, 2, 10, 'finished'),
(103, '2021-10-19', '18:30:00', 4, 5, 6, 7, 'scheduled'),
(104, '2024-11-20', '18:30:00', 7, 2, 1, 9, 'scheduled'),
(105, '2025-12-21', '17:30:00', 1, 1, 7, 2, 'finished'),
(106, '2022-12-22', '16:00:00', 8, 4, 7, 5, 'live'),
(107, '2022-12-23', '18:00:00', 10, 4, 4, 10, 'finished'),
(108, '2023-12-24', '17:00:00', 5, 3, 10, 1, 'scheduled'),
(109, '2024-04-25', '14:00:00', 7, 2, 4, 7, 'finished'),
(110, '2021-05-26', '19:30:00', 1, 5, 10, 9, 'live'),
(111, '2022-06-27', '16:00:00', 3, 4, 4, 10, 'live'),
(112, '2023-07-28', '18:00:00', 6, 3, 4, 1, 'scheduled'),
(113, '2023-08-01', '17:00:00', 5, 3, 8, 4, 'scheduled'),
(114, '2022-09-02', '14:00:00', 9, 4, 2, 3, 'live'),
(115, '2021-10-03', '15:30:00', 7, 5, 2, 8, 'finished'),
(116, '2021-11-04', '14:30:00', 3, 5, 9, 3, 'finished'),
(117, '2023-12-05', '15:00:00', 2, 3, 6, 4, 'finished'),
(118, '2023-12-06', '15:00:00', 5, 3, 8, 10, 'finished'),
(119, '2023-12-07', '16:30:00', 1, 3, 2, 3, 'scheduled'),
(120, '2021-12-08', '16:30:00', 5, 5, 1, 4, 'live'),
(121, '2024-04-09', '19:00:00', 7, 2, 10, 5, 'scheduled'),
(122, '2025-05-10', '14:00:00', 9, 1, 7, 1, 'finished'),
(123, '2025-06-11', '14:30:00', 4, 1, 8, 4, 'live'),
(124, '2023-07-12', '19:30:00', 7, 3, 3, 7, 'finished'),
(125, '2024-08-13', '18:00:00', 4, 2, 4, 9, 'finished'),
(126, '2021-09-14', '17:00:00', 8, 5, 2, 6, 'finished'),
(127, '2024-10-15', '16:30:00', 10, 2, 6, 3, 'finished'),
(128, '2024-11-16', '16:30:00', 3, 2, 1, 7, 'finished'),
(129, '2023-12-17', '14:30:00', 7, 3, 9, 8, 'scheduled'),
(130, '2024-12-18', '15:00:00', 3, 2, 9, 3, 'scheduled'),
(131, '2022-12-19', '14:30:00', 9, 4, 2, 10, 'finished'),
(132, '2025-12-20', '14:30:00', 2, 1, 8, 6, 'finished'),
(133, '2023-04-21', '16:30:00', 5, 3, 10, 3, 'live'),
(134, '2023-05-22', '18:30:00', 1, 3, 1, 6, 'finished'),
(135, '2025-06-23', '15:00:00', 3, 1, 2, 9, 'scheduled'),
(136, '2025-07-24', '16:00:00', 10, 1, 2, 1, 'live'),
(137, '2021-08-25', '17:30:00', 9, 5, 1, 3, 'finished'),
(138, '2025-09-26', '18:00:00', 7, 1, 7, 6, 'scheduled'),
(139, '2023-10-27', '14:00:00', 1, 3, 5, 4, 'live'),
(140, '2025-11-28', '19:30:00', 1, 1, 6, 5, 'scheduled'),
(141, '2025-12-01', '14:00:00', 2, 1, 1, 7, 'finished'),
(142, '2022-12-02', '18:00:00', 10, 4, 6, 7, 'live'),
(143, '2022-12-03', '18:30:00', 9, 4, 6, 10, 'finished'),
(144, '2023-12-04', '16:00:00', 7, 3, 10, 9, 'finished'),
(145, '2025-04-05', '16:30:00', 3, 1, 1, 2, 'live'),
(146, '2021-05-06', '14:30:00', 3, 5, 2, 4, 'live'),
(147, '2022-06-07', '19:00:00', 1, 4, 4, 3, 'scheduled'),
(148, '2024-07-08', '14:00:00', 3, 2, 7, 2, 'scheduled'),
(149, '2025-08-09', '17:00:00', 7, 1, 6, 7, 'scheduled'),
(150, '2022-09-10', '16:30:00', 8, 4, 8, 5, 'live'),
(151, '2021-10-11', '14:00:00', 9, 5, 1, 5, 'finished'),
(152, '2022-11-12', '17:30:00', 9, 4, 10, 8, 'finished'),
(153, '2023-12-13', '15:30:00', 4, 3, 2, 10, 'live'),
(154, '2021-12-14', '15:00:00', 10, 5, 1, 2, 'live'),
(155, '2024-12-15', '14:00:00', 5, 2, 8, 2, 'finished'),
(156, '2024-12-16', '17:30:00', 2, 2, 7, 6, 'finished'),
(157, '2022-04-17', '17:30:00', 1, 4, 7, 6, 'scheduled'),
(158, '2023-05-18', '16:00:00', 2, 3, 6, 4, 'scheduled'),
(159, '2021-06-19', '18:00:00', 1, 5, 1, 3, 'finished'),
(160, '2025-07-20', '17:30:00', 2, 1, 5, 9, 'scheduled'),
(161, '2025-08-21', '17:00:00', 9, 1, 1, 4, 'live'),
(162, '2023-09-22', '18:00:00', 9, 3, 4, 5, 'live'),
(163, '2022-10-23', '14:30:00', 7, 4, 9, 8, 'scheduled'),
(164, '2023-11-24', '17:00:00', 2, 3, 5, 6, 'finished'),
(165, '2023-12-25', '18:00:00', 9, 3, 8, 1, 'finished'),
(166, '2022-12-26', '18:00:00', 5, 4, 5, 4, 'scheduled'),
(167, '2021-12-27', '17:00:00', 4, 5, 10, 6, 'live'),
(168, '2023-12-28', '19:30:00', 8, 3, 5, 8, 'finished'),
(169, '2021-04-01', '14:00:00', 9, 5, 7, 10, 'scheduled'),
(170, '2022-05-02', '18:30:00', 10, 4, 6, 4, 'finished'),
(171, '2021-06-03', '17:00:00', 9, 5, 4, 5, 'scheduled'),
(172, '2023-07-04', '17:30:00', 9, 3, 6, 10, 'scheduled'),
(173, '2021-08-05', '14:00:00', 9, 5, 2, 9, 'scheduled'),
(174, '2021-09-06', '15:00:00', 3, 5, 6, 7, 'live'),
(175, '2023-10-07', '14:30:00', 10, 3, 2, 8, 'scheduled'),
(176, '2024-11-08', '15:00:00', 5, 2, 5, 8, 'scheduled'),
(177, '2022-12-09', '18:00:00', 10, 4, 5, 2, 'live'),
(178, '2023-12-10', '14:00:00', 9, 3, 7, 5, 'live'),
(179, '2022-12-11', '16:30:00', 10, 4, 1, 6, 'finished'),
(180, '2023-12-12', '18:00:00', 4, 3, 10, 5, 'finished'),
(181, '2021-04-13', '17:00:00', 10, 5, 5, 1, 'live'),
(182, '2022-05-14', '14:00:00', 1, 4, 6, 7, 'scheduled'),
(183, '2023-06-15', '15:00:00', 2, 3, 4, 5, 'finished'),
(184, '2024-07-16', '19:00:00', 7, 2, 7, 6, 'scheduled'),
(185, '2024-08-17', '14:30:00', 2, 2, 4, 10, 'live'),
(186, '2025-09-18', '16:00:00', 10, 1, 1, 5, 'finished'),
(187, '2022-10-19', '17:00:00', 3, 4, 4, 8, 'scheduled'),
(188, '2023-11-20', '18:30:00', 7, 3, 8, 3, 'live'),
(189, '2024-12-21', '16:30:00', 8, 2, 6, 4, 'live'),
(190, '2023-12-22', '17:00:00', 6, 3, 2, 4, 'live'),
(191, '2022-12-23', '16:00:00', 10, 4, 5, 7, 'scheduled'),
(192, '2025-12-24', '16:30:00', 9, 1, 4, 1, 'live'),
(193, '2021-04-25', '15:30:00', 5, 5, 5, 4, 'live'),
(194, '2022-05-26', '19:00:00', 3, 4, 9, 10, 'finished'),
(195, '2021-06-27', '16:00:00', 2, 5, 5, 9, 'finished'),
(196, '2022-07-28', '18:00:00', 9, 4, 3, 10, 'finished'),
(197, '2021-08-01', '18:30:00', 2, 5, 6, 3, 'scheduled'),
(198, '2022-09-02', '15:00:00', 6, 4, 9, 4, 'finished'),
(199, '2023-10-03', '19:00:00', 9, 3, 2, 1, 'scheduled'),
(200, '2021-11-04', '14:00:00', 7, 5, 8, 2, 'scheduled'),
(201, '2022-12-05', '17:00:00', 2, 4, 5, 4, 'live'),
(202, '2021-12-06', '19:30:00', 6, 5, 10, 1, 'finished'),
(203, '2025-12-07', '16:00:00', 1, 1, 5, 6, 'live'),
(204, '2023-12-08', '18:30:00', 7, 3, 6, 9, 'scheduled'),
(205, '2024-04-09', '17:00:00', 10, 2, 4, 3, 'live'),
(206, '2022-05-10', '16:30:00', 2, 4, 10, 2, 'scheduled'),
(207, '2023-06-11', '14:30:00', 10, 3, 4, 8, 'scheduled'),
(208, '2025-07-12', '15:00:00', 4, 1, 4, 8, 'live'),
(209, '2024-08-13', '15:00:00', 2, 2, 9, 3, 'scheduled'),
(210, '2021-09-14', '18:00:00', 7, 5, 4, 5, 'live'),
(211, '2021-10-15', '18:30:00', 2, 5, 5, 9, 'scheduled'),
(212, '2024-11-16', '14:30:00', 7, 2, 3, 10, 'finished'),
(213, '2025-12-17', '17:30:00', 7, 1, 8, 10, 'live'),
(214, '2023-12-18', '14:30:00', 1, 3, 8, 9, 'finished'),
(215, '2024-12-19', '14:00:00', 1, 2, 9, 5, 'scheduled'),
(216, '2022-12-20', '15:00:00', 8, 4, 8, 4, 'scheduled'),
(217, '2022-04-21', '14:00:00', 6, 4, 4, 1, 'scheduled'),
(218, '2021-05-22', '15:00:00', 3, 5, 3, 5, 'finished'),
(219, '2021-06-23', '19:00:00', 6, 5, 10, 6, 'live'),
(220, '2021-07-24', '17:00:00', 4, 5, 8, 6, 'finished'),
(221, '2024-08-25', '16:00:00', 2, 2, 1, 6, 'finished'),
(222, '2022-09-26', '14:00:00', 6, 4, 3, 8, 'finished'),
(223, '2021-10-27', '18:30:00', 4, 5, 4, 1, 'live'),
(224, '2021-11-28', '14:30:00', 6, 5, 1, 8, 'scheduled'),
(225, '2024-12-01', '14:00:00', 10, 2, 9, 3, 'finished'),
(226, '2023-12-02', '14:30:00', 2, 3, 8, 3, 'scheduled'),
(227, '2023-12-03', '19:00:00', 4, 3, 1, 4, 'live'),
(228, '2021-05-04', '19:30:00', 6, 5, 7, 10, 'finished'),
(229, '2021-02-05', '17:30:00', 3, 5, 8, 7, 'live'),
(230, '2022-05-06', '18:00:00', 5, 4, 9, 3, 'live'),
(231, '2025-06-07', '17:00:00', 4, 1, 4, 3, 'scheduled'),
(232, '2025-07-08', '15:00:00', 4, 1, 3, 5, 'scheduled'),
(233, '2022-08-09', '15:00:00', 6, 4, 4, 6, 'live'),
(234, '2021-09-10', '15:00:00', 8, 5, 4, 6, 'finished'),
(235, '2022-10-11', '19:30:00', 2, 4, 6, 9, 'live'),
(236, '2024-11-12', '15:30:00', 9, 2, 4, 1, 'finished'),
(237, '2021-12-13', '19:00:00', 9, 5, 10, 4, 'finished'),
(238, '2023-12-14', '18:30:00', 8, 3, 6, 5, 'live'),
(239, '2021-12-15', '18:30:00', 2, 5, 10, 5, 'live'),
(240, '2025-12-16', '19:30:00', 8, 1, 3, 10, 'scheduled'),
(241, '2024-04-17', '14:30:00', 8, 2, 4, 9, 'scheduled'),
(242, '2024-05-18', '16:00:00', 10, 2, 2, 3, 'live'),
(243, '2024-06-19', '14:00:00', 1, 2, 2, 8, 'scheduled'),
(244, '2024-07-20', '14:30:00', 10, 2, 1, 4, 'scheduled'),
(245, '2024-08-21', '14:30:00', 1, 2, 4, 9, 'scheduled'),
(246, '2024-09-22', '18:00:00', 6, 2, 3, 9, 'scheduled'),
(247, '2021-10-23', '14:30:00', 6, 5, 4, 2, 'live'),
(248, '2025-11-24', '14:30:00', 6, 1, 2, 8, 'live'),
(249, '2021-12-25', '15:00:00', 3, 5, 7, 2, 'scheduled'),
(250, '2024-12-26', '14:00:00', 10, 2, 1, 5, 'scheduled'),
(251, '2024-12-27', '14:00:00', 2, 2, 4, 2, 'finished'),
(252, '2025-12-28', '18:00:00', 1, 1, 1, 2, 'finished'),
(253, '2023-04-01', '19:30:00', 2, 3, 2, 10, 'finished'),
(254, '2024-05-02', '14:30:00', 10, 2, 4, 7, 'scheduled'),
(255, '2021-06-03', '16:00:00', 7, 5, 6, 7, 'scheduled'),
(256, '2022-07-04', '19:00:00', 10, 4, 2, 7, 'finished'),
(257, '2024-08-05', '18:00:00', 3, 2, 8, 1, 'finished'),
(258, '2025-09-06', '16:30:00', 6, 1, 9, 1, 'live'),
(259, '2022-10-07', '19:30:00', 9, 4, 1, 8, 'scheduled'),
(260, '2022-11-08', '18:00:00', 2, 4, 5, 9, 'scheduled'),
(261, '2023-12-09', '15:30:00', 7, 3, 7, 6, 'scheduled'),
(262, '2024-12-10', '14:00:00', 9, 2, 1, 5, 'live'),
(263, '2025-12-11', '18:30:00', 6, 1, 6, 8, 'live'),
(264, '2024-12-12', '16:00:00', 5, 2, 8, 2, 'scheduled'),
(265, '2023-04-13', '17:30:00', 6, 3, 9, 8, 'live'),
(266, '2025-05-14', '17:00:00', 9, 1, 6, 4, 'scheduled'),
(267, '2025-06-15', '16:00:00', 7, 1, 7, 2, 'finished'),
(268, '2023-07-16', '19:30:00', 7, 3, 7, 1, 'scheduled'),
(269, '2024-08-17', '15:00:00', 3, 2, 10, 8, 'finished'),
(270, '2024-09-18', '14:00:00', 5, 2, 2, 1, 'live'),
(271, '2023-10-19', '15:00:00', 8, 3, 7, 8, 'finished'),
(272, '2024-11-20', '15:00:00', 5, 2, 6, 2, 'scheduled'),
(273, '2021-12-21', '18:00:00', 4, 5, 6, 9, 'live'),
(274, '2024-12-22', '15:30:00', 9, 2, 8, 9, 'scheduled'),
(275, '2022-12-23', '19:30:00', 3, 4, 9, 10, 'live'),
(276, '2024-12-24', '16:00:00', 7, 2, 9, 10, 'scheduled'),
(277, '2022-04-25', '14:00:00', 5, 4, 5, 7, 'scheduled'),
(278, '2022-05-26', '19:30:00', 2, 4, 8, 5, 'finished'),
(279, '2023-06-27', '17:00:00', 9, 3, 10, 3, 'live'),
(280, '2022-07-28', '19:30:00', 2, 4, 1, 8, 'finished'),
(281, '2024-08-01', '17:00:00', 8, 2, 7, 6, 'finished'),
(282, '2023-09-02', '19:00:00', 5, 3, 2, 6, 'live'),
(283, '2024-10-03', '15:30:00', 8, 2, 8, 9, 'scheduled'),
(284, '2025-11-04', '19:30:00', 2, 1, 3, 9, 'finished'),
(285, '2025-12-05', '17:00:00', 4, 1, 9, 6, 'scheduled'),
(286, '2021-03-06', '16:30:00', 4, 5, 8, 6, 'live'),
(287, '2025-04-07', '15:30:00', 10, 1, 10, 4, 'live'),
(288, '2025-05-08', '14:00:00', 7, 1, 1, 9, 'finished'),
(289, '2024-04-09', '17:00:00', 8, 2, 5, 10, 'scheduled'),
(290, '2021-05-10', '16:00:00', 2, 5, 9, 2, 'scheduled'),
(291, '2023-06-11', '19:30:00', 1, 3, 7, 10, 'finished'),
(292, '2021-07-12', '14:30:00', 4, 5, 2, 8, 'finished'),
(293, '2024-08-13', '15:00:00', 6, 2, 9, 7, 'finished'),
(294, '2024-09-14', '14:30:00', 3, 2, 7, 10, 'scheduled'),
(295, '2023-10-15', '16:00:00', 3, 3, 8, 3, 'finished'),
(296, '2025-11-16', '15:30:00', 8, 1, 9, 2, 'scheduled'),
(297, '2023-12-17', '17:30:00', 8, 3, 10, 4, 'scheduled'),
(298, '2023-12-18', '18:00:00', 3, 3, 9, 1, 'finished'),
(299, '2025-12-19', '16:00:00', 3, 1, 2, 10, 'live'),
(300, '2023-12-20', '14:30:00', 7, 3, 6, 3, 'finished');

-- 7. match_stat 테이블 삽입 (300개 레코드)
INSERT INTO match_stat (id, match_id, home_score, away_score, attendance, highlights, mvp_player_name, winning_hitter_name, winning_hit_description) VALUES
(1, 1, 14, 10, 22913, '2루타 경기', '장수빈', '최서연', '4회 2사 1루서 중전 안타'),
(2, 2, 8, 10, 4793, '역전 경기', '김현우', '윤준호', '7회 무사 2루서 우전 안타'),
(3, 3, 9, 5, 21123, '2루타 경기', '한지영', '한수빈', '1회 무사 1루서 좌익 안타'),
(4, 4, 5, 5, 19418, '역전 경기', '최태현', '박지원', '1회 2사 1루서 내야 안타'),
(5, 5, 12, 14, 10286, '호수비 경기', '박지원', '정태현', '5회 무사 2루서 좌익 안타'),
(6, 6, 2, 8, 16217, '호수비 경기', '장지훈', '장유진', '2회 1사 2루서 중전 안타'),
(7, 7, 0, 9, 16238, '호수비 경기', '정지영', '이지영', '4회 2사 3루서 좌익 안타'),
(8, 8, 1, 4, 8531, '샷 경기', '한지영', '이서연', '7회 무사 3루서 중전 안타'),
(9, 9, 8, 2, 18999, '역전 경기', '임수빈', '윤수빈', '2회 무사 3루서 내야 안타'),
(10, 10, 3, 0, 13591, '샷 경기', '임민수', '이현우', '1회 무사 1루서 내야 안타'),
(11, 11, 9, 12, 13399, '2루타 경기', '이서연', '박유진', '9회 1사 2루서 좌익 안타'),
(12, 12, 6, 12, 20100, '샷 경기', '한유진', '오수빈', '5회 2사 2루서 내야 안타'),
(13, 13, 12, 12, 5129, '2루타 경기', '윤현우', '정태현', '2회 무사 2루서 좌익 안타'),
(14, 14, 1, 11, 23952, '2루타 경기', '윤준호', '최준호', '6회 무사 3루서 좌익 안타'),
(15, 15, 1, 9, 23210, '샷 경기', '이수빈', '정태현', '2회 무사 1루서 내야 안타'),
(16, 16, 4, 3, 4220, '홈런 경기', '김지영', '임수빈', '7회 1사 3루서 우전 안타'),
(17, 17, 0, 7, 18206, '2루타 경기', '박지훈', '한준호', '7회 1사 2루서 내야 안타'),
(18, 18, 12, 6, 21590, '무실점 경기', '김현우', '윤유진', '3회 2사 2루서 좌익 안타'),
(19, 19, 14, 8, 10955, '샷 경기', '정지훈', '최유진', '9회 1사 1루서 좌익 안타'),
(20, 20, 7, 7, 16062, '무실점 경기', '박민수', '윤수빈', '4회 1사 2루서 좌익 안타'),
(21, 21, 11, 8, 5042, '호수비 경기', '장수빈', '한태현', '2회 1사 2루서 내야 안타'),
(22, 22, 8, 6, 14532, '역전 경기', '박태현', '박지훈', '7회 무사 2루서 내야 안타'),
(23, 23, 3, 13, 23592, '역전 경기', '이민수', '이지원', '5회 1사 1루서 중전 안타'),
(24, 24, 3, 11, 4249, '호수비 경기', '임수빈', '김지원', '7회 2사 3루서 중전 안타'),
(25, 25, 3, 0, 2311, '호수비 경기', '오현우', '장태현', '6회 무사 3루서 중전 안타'),
(26, 26, 6, 1, 19850, '호수비 경기', '한유진', '최서연', '6회 1사 3루서 내야 안타'),
(27, 27, 6, 12, 2748, '무실점 경기', '임민수', '장유진', '1회 2사 1루서 좌익 안타'),
(28, 28, 14, 13, 6205, '샷 경기', '장지영', '윤수빈', '3회 무사 3루서 우전 안타'),
(29, 29, 8, 13, 21819, '샷 경기', '최지영', '오민수', '3회 1사 1루서 내야 안타'),
(30, 30, 10, 13, 7659, '역전 경기', '윤민수', '오태현', '5회 2사 3루서 중전 안타'),
(31, 31, 2, 3, 20624, '호수비 경기', '윤수빈', '오지원', '6회 무사 1루서 중전 안타'),
(32, 32, 13, 0, 17339, '2루타 경기', '정준호', '최현우', '1회 1사 3루서 중전 안타'),
(33, 33, 1, 5, 8360, '샷 경기', '장지원', '장태현', '2회 무사 2루서 우전 안타'),
(34, 34, 14, 13, 17884, '2루타 경기', '박지훈', '이서연', '4회 무사 1루서 우전 안타'),
(35, 35, 4, 13, 17272, '호수비 경기', '오서연', '임민수', '2회 1사 1루서 좌익 안타'),
(36, 36, 5, 12, 11538, '홈런 경기', '오지훈', '정현우', '7회 무사 2루서 중전 안타'),
(37, 37, 1, 0, 18003, '샷 경기', '김지원', '장현우', '8회 1사 2루서 내야 안타'),
(38, 38, 6, 2, 12709, '무실점 경기', '오지원', '최현우', '8회 무사 2루서 중전 안타'),
(39, 39, 12, 12, 17363, '홈런 경기', '정서연', '정수빈', '6회 무사 1루서 좌익 안타'),
(40, 40, 4, 11, 7292, '홈런 경기', '윤태현', '김준호', '7회 무사 2루서 우전 안타'),
(41, 41, 3, 1, 7475, '호수비 경기', '박민수', '김지영', '9회 1사 3루서 중전 안타'),
(42, 42, 8, 5, 3936, '샷 경기', '윤서연', '임지영', '3회 2사 3루서 내야 안타'),
(43, 43, 0, 13, 1572, '무실점 경기', '정태현', '최지훈', '3회 1사 3루서 내야 안타'),
(44, 44, 1, 4, 18636, '2루타 경기', '오지원', '김서연', '8회 2사 3루서 중전 안타'),
(45, 45, 1, 13, 21327, '호수비 경기', '박유진', '장서연', '2회 1사 1루서 중전 안타'),
(46, 46, 4, 3, 13246, '무실점 경기', '임민수', '윤지영', '1회 1사 1루서 중전 안타'),
(47, 47, 12, 14, 3236, '역전 경기', '오수빈', '이수빈', '6회 2사 2루서 좌익 안타'),
(48, 48, 8, 5, 18496, '무실점 경기', '정지원', '장수빈', '9회 무사 2루서 좌익 안타'),
(49, 49, 2, 0, 2572, '샷 경기', '이서연', '박지원', '3회 2사 3루서 우전 안타'),
(50, 50, 13, 13, 1926, '2루타 경기', '오수빈', '박지원', '2회 1사 1루서 내야 안타'),
(51, 51, 14, 12, 3557, '2루타 경기', '장현우', '장서연', '6회 1사 2루서 내야 안타'),
(52, 52, 11, 7, 23610, '샷 경기', '정서연', '이현우', '9회 1사 1루서 내야 안타'),
(53, 53, 6, 10, 18002, '무실점 경기', '오준호', '오지훈', '5회 무사 3루서 우전 안타'),
(54, 54, 1, 9, 18707, '샷 경기', '최민수', '오민수', '1회 2사 1루서 우전 안타'),
(55, 55, 12, 4, 17740, '호수비 경기', '이준호', '윤지원', '7회 무사 2루서 내야 안타'),
(56, 56, 14, 10, 23613, '샷 경기', '김유진', '오서연', '3회 2사 3루서 중전 안타'),
(57, 57, 1, 10, 12980, '2루타 경기', '김태현', '최민수', '1회 1사 3루서 내야 안타'),
(58, 58, 7, 10, 4286, '역전 경기', '임현우', '장지원', '9회 1사 1루서 좌익 안타'),
(59, 59, 8, 8, 8599, '호수비 경기', '최현우', '장민수', '6회 2사 3루서 내야 안타'),
(60, 60, 13, 2, 14754, '호수비 경기', '오지훈', '이지영', '5회 무사 3루서 우전 안타'),
(61, 61, 8, 7, 22490, '무실점 경기', '김수빈', '최지영', '5회 1사 1루서 내야 안타'),
(62, 62, 3, 3, 20316, '무실점 경기', '윤준호', '윤준호', '5회 2사 3루서 중전 안타'),
(63, 63, 8, 2, 19680, '샷 경기', '한민수', '한준호', '6회 1사 3루서 내야 안타'),
(64, 64, 8, 12, 2798, '호수비 경기', '최현우', '최유진', '6회 무사 3루서 좌익 안타'),
(65, 65, 8, 13, 3530, '홈런 경기', '최태현', '이수빈', '8회 1사 1루서 우전 안타'),
(66, 66, 2, 5, 13197, '샷 경기', '김유진', '오지원', '7회 1사 1루서 중전 안타'),
(67, 67, 4, 4, 14240, '2루타 경기', '한지훈', '오지영', '2회 2사 1루서 중전 안타'),
(68, 68, 8, 6, 11576, '역전 경기', '정지영', '오민수', '5회 무사 3루서 우전 안타'),
(69, 69, 3, 10, 20388, '역전 경기', '임현우', '오지영', '1회 2사 1루서 중전 안타'),
(70, 70, 0, 5, 13054, '2루타 경기', '최지훈', '이현우', '4회 무사 3루서 우전 안타'),
(71, 71, 14, 6, 14889, '역전 경기', '박민수', '정지원', '4회 무사 2루서 좌익 안타'),
(72, 72, 0, 9, 3011, '무실점 경기', '최수빈', '임지훈', '3회 1사 2루서 중전 안타'),
(73, 73, 8, 4, 23115, '샷 경기', '임지훈', '장지영', '7회 무사 2루서 좌익 안타'),
(74, 74, 10, 3, 10400, '샷 경기', '김서연', '이지훈', '6회 2사 1루서 좌익 안타'),
(75, 75, 5, 0, 10351, '샷 경기', '한현우', '김지영', '4회 2사 2루서 좌익 안타'),
(76, 76, 10, 3, 11643, '무실점 경기', '김지훈', '한태현', '5회 무사 1루서 중전 안타'),
(77, 77, 4, 7, 19821, '호수비 경기', '박태현', '박태현', '9회 무사 3루서 좌익 안타'),
(78, 78, 1, 10, 12786, '무실점 경기', '박민수', '박지원', '6회 무사 1루서 우전 안타'),
(79, 79, 10, 14, 18867, '무실점 경기', '이수빈', '김민수', '1회 무사 1루서 내야 안타'),
(80, 80, 7, 13, 5503, '홈런 경기', '장현우', '이지영', '4회 2사 3루서 좌익 안타'),
(81, 81, 5, 9, 1542, '호수비 경기', '정태현', '김민수', '5회 2사 2루서 좌익 안타'),
(82, 82, 6, 12, 13702, '샷 경기', '최준호', '최수빈', '4회 1사 2루서 좌익 안타'),
(83, 83, 7, 12, 22597, '홈런 경기', '오지원', '이민수', '7회 무사 1루서 내야 안타'),
(84, 84, 0, 3, 3900, '무실점 경기', '최현우', '장지영', '4회 무사 1루서 중전 안타'),
(85, 85, 14, 8, 6177, '2루타 경기', '오지훈', '장현우', '4회 2사 3루서 좌익 안타'),
(86, 86, 1, 12, 23797, '역전 경기', '오준호', '최민수', '7회 2사 1루서 내야 안타'),
(87, 87, 14, 4, 14510, '샷 경기', '한준호', '이유진', '1회 2사 3루서 내야 안타'),
(88, 88, 8, 1, 9458, '무실점 경기', '김태현', '정민수', '4회 1사 2루서 내야 안타'),
(89, 89, 3, 0, 4557, '2루타 경기', '윤현우', '김민수', '3회 1사 1루서 우전 안타'),
(90, 90, 3, 12, 18030, '무실점 경기', '이서연', '오서연', '8회 2사 1루서 우전 안타'),
(91, 91, 10, 13, 17428, '역전 경기', '윤현우', '이민수', '5회 무사 1루서 우전 안타'),
(92, 92, 5, 2, 14060, '호수비 경기', '한수빈', '장현우', '4회 무사 1루서 내야 안타'),
(93, 93, 1, 11, 17047, '역전 경기', '김유진', '이민수', '9회 1사 3루서 우전 안타'),
(94, 94, 14, 11, 2569, '역전 경기', '이준호', '박지훈', '4회 1사 1루서 우전 안타'),
(95, 95, 5, 11, 21771, '호수비 경기', '오수빈', '장서연', '7회 무사 3루서 내야 안타'),
(96, 96, 11, 9, 12419, '2루타 경기', '임유진', '정태현', '1회 2사 3루서 우전 안타'),
(97, 97, 4, 6, 4181, '2루타 경기', '최지훈', '김현우', '9회 무사 1루서 우전 안타'),
(98, 98, 13, 2, 8863, '홈런 경기', '박민수', '윤현우', '5회 2사 1루서 우전 안타'),
(99, 99, 7, 3, 21119, '역전 경기', '오유진', '이서연', '8회 2사 1루서 좌익 안타'),
(100, 100, 12, 8, 7977, '홈런 경기', '한현우', '한수빈', '4회 무사 3루서 내야 안타'),
(101, 101, 5, 10, 22194, '역전 경기', '정민수', '이지원', '9회 2사 3루서 내야 안타'),
(102, 102, 8, 3, 23992, '홈런 경기', '한지원', '최서연', '5회 2사 1루서 우전 안타'),
(103, 103, 6, 1, 23100, '호수비 경기', '한유진', '정준호', '8회 2사 1루서 내야 안타'),
(104, 104, 11, 8, 23421, '호수비 경기', '오지훈', '한지훈', '3회 무사 3루서 좌익 안타'),
(105, 105, 8, 5, 16493, '샷 경기', '오현우', '박지훈', '9회 무사 1루서 중전 안타'),
(106, 106, 12, 7, 15382, '홈런 경기', '박현우', '정지영', '5회 1사 1루서 중전 안타'),
(107, 107, 4, 14, 17882, '무실점 경기', '오유진', '윤서연', '2회 1사 2루서 우전 안타'),
(108, 108, 11, 2, 12386, '무실점 경기', '김지훈', '김지영', '8회 무사 2루서 우전 안타'),
(109, 109, 10, 9, 2960, '2루타 경기', '최지원', '오지원', '1회 무사 2루서 중전 안타'),
(110, 110, 0, 6, 21628, '2루타 경기', '한지원', '김지원', '4회 2사 1루서 좌익 안타'),
(111, 111, 5, 7, 21176, '역전 경기', '한지영', '한지훈', '3회 무사 1루서 좌익 안타'),
(112, 112, 4, 0, 3294, '호수비 경기', '박지훈', '오태현', '9회 2사 1루서 우전 안타'),
(113, 113, 8, 7, 13476, '호수비 경기', '최태현', '김수빈', '3회 2사 2루서 좌익 안타'),
(114, 114, 10, 13, 16779, '역전 경기', '이유진', '박준호', '7회 1사 1루서 내야 안타'),
(115, 115, 0, 9, 2162, '호수비 경기', '임유진', '박현우', '9회 무사 2루서 내야 안타'),
(116, 116, 4, 10, 6952, '무실점 경기', '장지원', '임태현', '5회 1사 1루서 좌익 안타'),
(117, 117, 5, 3, 24285, '역전 경기', '정민수', '박지원', '5회 무사 2루서 좌익 안타'),
(118, 118, 7, 3, 23036, '홈런 경기', '최지훈', '최서연', '9회 1사 3루서 좌익 안타'),
(119, 119, 7, 14, 15720, '호수비 경기', '최준호', '김서연', '9회 1사 2루서 중전 안타'),
(120, 120, 3, 12, 8122, '무실점 경기', '김현우', '장태현', '5회 무사 2루서 우전 안타'),
(121, 121, 10, 12, 15770, '무실점 경기', '김지훈', '윤지훈', '9회 1사 2루서 우전 안타'),
(122, 122, 4, 9, 4174, '홈런 경기', '오민수', '김유진', '4회 1사 3루서 중전 안타'),
(123, 123, 6, 2, 18689, '역전 경기', '이준호', '정지원', '2회 1사 3루서 내야 안타'),
(124, 124, 2, 10, 9011, '2루타 경기', '윤현우', '장현우', '1회 1사 2루서 좌익 안타'),
(125, 125, 14, 5, 11458, '홈런 경기', '오준호', '한태현', '2회 무사 1루서 우전 안타'),
(126, 126, 0, 13, 6199, '2루타 경기', '장지원', '정지원', '8회 1사 1루서 내야 안타'),
(127, 127, 14, 6, 17120, '역전 경기', '윤현우', '최준호', '9회 2사 3루서 내야 안타'),
(128, 128, 7, 7, 13558, '2루타 경기', '한유진', '김지영', '4회 무사 3루서 좌익 안타'),
(129, 129, 4, 4, 9446, '홈런 경기', '박수빈', '임지영', '7회 2사 2루서 중전 안타'),
(130, 130, 14, 6, 20843, '역전 경기', '윤서연', '이서연', '8회 1사 3루서 좌익 안타'),
(131, 131, 7, 5, 20383, '역전 경기', '정현우', '한지영', '6회 1사 2루서 중전 안타'),
(132, 132, 9, 0, 24272, '2루타 경기', '박민수', '김태현', '7회 무사 1루서 내야 안타'),
(133, 133, 13, 10, 18605, '홈런 경기', '최태현', '이태현', '3회 무사 3루서 중전 안타'),
(134, 134, 13, 13, 12216, '2루타 경기', '김지원', '윤태현', '2회 무사 1루서 좌익 안타'),
(135, 135, 2, 10, 17539, '샷 경기', '김태현', '김유진', '3회 1사 2루서 좌익 안타'),
(136, 136, 14, 1, 22600, '호수비 경기', '임민수', '임지영', '6회 무사 3루서 중전 안타'),
(137, 137, 14, 13, 4452, '홈런 경기', '오준호', '이서연', '1회 2사 1루서 내야 안타'),
(138, 138, 5, 5, 21148, '역전 경기', '이수빈', '이지영', '7회 무사 2루서 중전 안타'),
(139, 139, 0, 7, 14444, '샷 경기', '임지훈', '김수빈', '4회 2사 2루서 내야 안타'),
(140, 140, 4, 0, 21347, '샷 경기', '박태현', '최지영', '3회 무사 3루서 좌익 안타'),
(141, 141, 1, 6, 10984, '무실점 경기', '장민수', '임준호', '3회 2사 1루서 중전 안타'),
(142, 142, 8, 9, 5092, '호수비 경기', '한현우', '김유진', '2회 1사 1루서 좌익 안타'),
(143, 143, 3, 11, 23001, '홈런 경기', '정지훈', '오서연', '5회 1사 1루서 우전 안타'),
(144, 144, 9, 5, 5982, '홈런 경기', '김유진', '윤현우', '8회 2사 3루서 좌익 안타'),
(145, 145, 4, 5, 9177, '2루타 경기', '오유진', '이지원', '6회 2사 1루서 좌익 안타'),
(146, 146, 2, 3, 20768, '호수비 경기', '장지영', '임태현', '9회 무사 2루서 좌익 안타'),
(147, 147, 11, 10, 7478, '2루타 경기', '최태현', '김현우', '5회 2사 3루서 우전 안타'),
(148, 148, 11, 13, 12911, '역전 경기', '장현우', '최지훈', '2회 1사 3루서 중전 안타'),
(149, 149, 4, 12, 13647, '2루타 경기', '김유진', '김준호', '4회 무사 1루서 우전 안타'),
(150, 150, 10, 5, 11010, '샷 경기', '한지원', '이유진', '3회 2사 2루서 내야 안타'),
(151, 151, 5, 14, 12113, '호수비 경기', '오민수', '장현우', '7회 무사 3루서 중전 안타'),
(152, 152, 11, 14, 5486, '호수비 경기', '장수빈', '장서연', '3회 2사 3루서 내야 안타'),
(153, 153, 13, 6, 22275, '샷 경기', '오민수', '윤민수', '1회 무사 1루서 좌익 안타'),
(154, 154, 1, 9, 15109, '홈런 경기', '정유진', '임지원', '4회 1사 1루서 좌익 안타'),
(155, 155, 13, 4, 7574, '샷 경기', '윤지훈', '임태현', '9회 무사 1루서 좌익 안타'),
(156, 156, 3, 5, 21955, '역전 경기', '임지영', '임수빈', '3회 2사 2루서 좌익 안타'),
(157, 157, 6, 14, 2185, '샷 경기', '한유진', '윤현우', '4회 1사 2루서 좌익 안타'),
(158, 158, 3, 14, 9038, '2루타 경기', '김지훈', '박유진', '4회 2사 2루서 우전 안타'),
(159, 159, 9, 14, 10947, '호수비 경기', '장서연', '정지훈', '3회 무사 2루서 우전 안타'),
(160, 160, 13, 9, 17498, '샷 경기', '한현우', '박수빈', '2회 무사 2루서 중전 안타'),
(161, 161, 12, 13, 24093, '역전 경기', '윤태현', '박태현', '4회 무사 1루서 중전 안타'),
(162, 162, 3, 9, 6589, '호수비 경기', '한태현', '이유진', '8회 2사 1루서 우전 안타'),
(163, 163, 8, 13, 23334, '역전 경기', '장수빈', '이수빈', '5회 무사 1루서 중전 안타'),
(164, 164, 8, 4, 13677, '호수비 경기', '임민수', '정유진', '5회 1사 3루서 내야 안타'),
(165, 165, 11, 12, 13530, '홈런 경기', '오유진', '임태현', '8회 무사 3루서 내야 안타'),
(166, 166, 6, 13, 18048, '호수비 경기', '박민수', '오준호', '5회 1사 1루서 우전 안타'),
(167, 167, 5, 11, 8662, '2루타 경기', '이유진', '오유진', '4회 1사 2루서 우전 안타'),
(168, 168, 7, 10, 14921, '샷 경기', '최지훈', '장서연', '3회 무사 2루서 내야 안타'),
(169, 169, 9, 1, 24222, '호수비 경기', '윤서연', '최유진', '8회 1사 2루서 중전 안타'),
(170, 170, 12, 1, 12002, '역전 경기', '김현우', '장지훈', '1회 2사 3루서 중전 안타'),
(171, 171, 1, 13, 18893, '2루타 경기', '오지훈', '한지훈', '4회 1사 1루서 내야 안타'),
(172, 172, 3, 6, 21899, '2루타 경기', '오지원', '정민수', '5회 무사 2루서 좌익 안타'),
(173, 173, 1, 2, 11935, '무실점 경기', '이태현', '장민수', '1회 2사 3루서 좌익 안타'),
(174, 174, 8, 13, 15825, '2루타 경기', '윤준호', '박민수', '8회 1사 3루서 내야 안타'),
(175, 175, 12, 12, 17869, '무실점 경기', '오수빈', '박지영', '4회 무사 1루서 내야 안타'),
(176, 176, 6, 13, 21601, '무실점 경기', '한서연', '이서연', '7회 2사 2루서 우전 안타'),
(177, 177, 6, 11, 19795, '역전 경기', '윤서연', '윤유진', '4회 1사 1루서 내야 안타'),
(178, 178, 12, 0, 2577, '호수비 경기', '장지영', '김준호', '4회 2사 2루서 우전 안타'),
(179, 179, 3, 3, 13688, '무실점 경기', '임지훈', '최유진', '2회 1사 3루서 내야 안타'),
(180, 180, 8, 3, 23856, '샷 경기', '오지훈', '장현우', '9회 2사 3루서 좌익 안타'),
(181, 181, 5, 11, 19658, '역전 경기', '윤지원', '정지영', '5회 1사 3루서 좌익 안타'),
(182, 182, 13, 5, 20287, '2루타 경기', '장현우', '오지영', '9회 2사 1루서 우전 안타'),
(183, 183, 5, 14, 12617, '샷 경기', '임민수', '오태현', '2회 무사 3루서 내야 안타'),
(184, 184, 6, 3, 12819, '2루타 경기', '최지영', '오민수', '8회 2사 2루서 내야 안타'),
(185, 185, 11, 8, 14686, '역전 경기', '이태현', '정준호', '3회 무사 1루서 좌익 안타'),
(186, 186, 9, 6, 18625, '2루타 경기', '박준호', '장지영', '4회 1사 3루서 우전 안타'),
(187, 187, 4, 11, 13798, '샷 경기', '윤현우', '오준호', '1회 무사 1루서 내야 안타'),
(188, 188, 3, 12, 15843, '호수비 경기', '윤서연', '임준호', '8회 무사 1루서 우전 안타'),
(189, 189, 3, 1, 15337, '무실점 경기', '윤유진', '최태현', '9회 2사 3루서 우전 안타'),
(190, 190, 14, 6, 11497, '무실점 경기', '장수빈', '장지원', '1회 1사 3루서 중전 안타'),
(191, 191, 0, 4, 5524, '무실점 경기', '김수빈', '한민수', '6회 무사 1루서 중전 안타'),
(192, 192, 3, 12, 12081, '샷 경기', '최현우', '박서연', '5회 무사 3루서 내야 안타'),
(193, 193, 6, 10, 5989, '역전 경기', '한태현', '윤태현', '7회 무사 2루서 좌익 안타'),
(194, 194, 2, 4, 14598, '샷 경기', '김지훈', '이민수', '8회 2사 3루서 우전 안타'),
(195, 195, 1, 5, 23124, '홈런 경기', '윤유진', '박태현', '2회 1사 2루서 우전 안타'),
(196, 196, 6, 3, 15578, '호수비 경기', '임민수', '최지영', '3회 1사 1루서 좌익 안타'),
(197, 197, 1, 11, 24835, '홈런 경기', '임준호', '장현우', '8회 1사 2루서 우전 안타'),
(198, 198, 14, 8, 19264, '역전 경기', '김지훈', '장유진', '1회 1사 3루서 우전 안타'),
(199, 199, 12, 8, 20193, '무실점 경기', '박태현', '윤준호', '4회 2사 1루서 우전 안타'),
(200, 200, 13, 5, 12529, '2루타 경기', '장유진', '박지원', '2회 무사 2루서 내야 안타'),
(201, 201, 14, 13, 5046, '호수비 경기', '장유진', '이준호', '2회 2사 3루서 좌익 안타'),
(202, 202, 14, 5, 12957, '역전 경기', '임수빈', '장현우', '8회 무사 1루서 내야 안타'),
(203, 203, 7, 0, 3453, '샷 경기', '이지원', '장태현', '7회 무사 1루서 중전 안타'),
(204, 204, 9, 1, 3882, '역전 경기', '김민수', '오지훈', '4회 2사 3루서 좌익 안타'),
(205, 205, 14, 8, 11645, '2루타 경기', '오지훈', '박태현', '6회 2사 2루서 중전 안타'),
(206, 206, 12, 11, 2455, '무실점 경기', '최서연', '이지영', '3회 1사 2루서 중전 안타'),
(207, 207, 9, 12, 10983, '2루타 경기', '오민수', '오서연', '8회 2사 2루서 좌익 안타'),
(208, 208, 5, 2, 20070, '호수비 경기', '최유진', '한지원', '2회 2사 1루서 내야 안타'),
(209, 209, 8, 1, 6674, '샷 경기', '이지훈', '이태현', '3회 무사 3루서 중전 안타'),
(210, 210, 8, 14, 22139, '무실점 경기', '한지원', '윤지원', '6회 1사 2루서 중전 안타'),
(211, 211, 3, 0, 6804, '호수비 경기', '오태현', '이민수', '9회 1사 1루서 좌익 안타'),
(212, 212, 6, 6, 8985, '2루타 경기', '이서연', '박수빈', '7회 2사 3루서 우전 안타'),
(213, 213, 8, 5, 13062, '홈런 경기', '김수빈', '최준호', '8회 1사 3루서 좌익 안타'),
(214, 214, 6, 10, 15825, '호수비 경기', '한유진', '한서연', '8회 무사 3루서 중전 안타'),
(215, 215, 11, 4, 7650, '홈런 경기', '한지원', '장지영', '7회 2사 1루서 내야 안타'),
(216, 216, 0, 9, 18038, '2루타 경기', '윤지훈', '정서연', '5회 1사 2루서 우전 안타'),
(217, 217, 8, 9, 3733, '홈런 경기', '박지원', '한지훈', '7회 무사 2루서 좌익 안타'),
(218, 218, 8, 6, 23729, '2루타 경기', '임지훈', '윤지훈', '1회 2사 1루서 좌익 안타'),
(219, 219, 5, 8, 2980, '역전 경기', '한지원', '윤지원', '9회 1사 1루서 중전 안타'),
(220, 220, 6, 10, 18943, '역전 경기', '김태현', '임유진', '6회 1사 2루서 좌익 안타'),
(221, 221, 0, 13, 3805, '2루타 경기', '한민수', '윤유진', '9회 1사 3루서 좌익 안타'),
(222, 222, 12, 5, 23204, '2루타 경기', '장준호', '윤서연', '4회 2사 3루서 중전 안타'),
(223, 223, 9, 9, 2664, '2루타 경기', '박지원', '정수빈', '7회 2사 3루서 내야 안타'),
(224, 224, 2, 4, 21481, '역전 경기', '한준호', '장지훈', '1회 2사 1루서 내야 안타'),
(225, 225, 9, 5, 14159, '홈런 경기', '임지훈', '장유진', '7회 무사 1루서 좌익 안타'),
(226, 226, 6, 6, 10088, '호수비 경기', '정준호', '윤민수', '8회 1사 2루서 중전 안타'),
(227, 227, 2, 9, 22477, '홈런 경기', '최유진', '박민수', '8회 1사 3루서 내야 안타'),
(228, 228, 10, 5, 6857, '홈런 경기', '윤유진', '이서연', '7회 1사 2루서 우전 안타'),
(229, 229, 13, 2, 18948, '2루타 경기', '이지원', '정지훈', '8회 1사 1루서 중전 안타'),
(230, 230, 11, 9, 18128, '무실점 경기', '오지원', '이현우', '3회 2사 3루서 내야 안타'),
(231, 231, 6, 0, 14483, '호수비 경기', '최현우', '윤서연', '4회 1사 3루서 중전 안타'),
(232, 232, 4, 12, 5841, '2루타 경기', '김태현', '장현우', '8회 무사 3루서 중전 안타'),
(233, 233, 9, 13, 7244, '2루타 경기', '김민수', '임지훈', '4회 1사 2루서 내야 안타'),
(234, 234, 10, 14, 3306, '샷 경기', '장태현', '이민수', '2회 1사 2루서 우전 안타'),
(235, 235, 3, 13, 10354, '호수비 경기', '장지훈', '장서연', '7회 2사 2루서 중전 안타'),
(236, 236, 0, 10, 6496, '호수비 경기', '김지훈', '윤지훈', '4회 2사 1루서 내야 안타'),
(237, 237, 1, 0, 21427, '샷 경기', '임태현', '윤현우', '5회 2사 1루서 우전 안타'),
(238, 238, 13, 14, 16679, '홈런 경기', '박지영', '박서연', '1회 무사 1루서 좌익 안타'),
(239, 239, 13, 4, 1645, '홈런 경기', '장지원', '한현우', '7회 1사 3루서 우전 안타'),
(240, 240, 13, 11, 19235, '홈런 경기', '박민수', '이지영', '3회 무사 1루서 좌익 안타'),
(241, 241, 1, 4, 21816, '역전 경기', '정지훈', '이현우', '8회 무사 1루서 우전 안타'),
(242, 242, 10, 4, 13598, '샷 경기', '김민수', '한지훈', '8회 1사 3루서 중전 안타'),
(243, 243, 11, 6, 1707, '샷 경기', '박민수', '윤준호', '8회 무사 3루서 내야 안타'),
(244, 244, 9, 10, 17326, '호수비 경기', '이유진', '윤수빈', '5회 무사 2루서 좌익 안타'),
(245, 245, 7, 4, 1557, '홈런 경기', '윤수빈', '임준호', '6회 무사 3루서 우전 안타'),
(246, 246, 7, 3, 9231, '2루타 경기', '오유진', '윤태현', '5회 무사 2루서 중전 안타'),
(247, 247, 4, 6, 6456, '무실점 경기', '장현우', '김현우', '7회 1사 3루서 좌익 안타'),
(248, 248, 5, 14, 3054, '무실점 경기', '한유진', '김지훈', '9회 2사 2루서 우전 안타'),
(249, 249, 2, 14, 8595, '무실점 경기', '오민수', '오지영', '5회 1사 3루서 중전 안타'),
(250, 250, 7, 11, 11863, '홈런 경기', '최태현', '박서연', '1회 2사 3루서 우전 안타'),
(251, 251, 11, 11, 9443, '호수비 경기', '이현우', '오지원', '2회 무사 3루서 중전 안타'),
(252, 252, 14, 13, 18589, '샷 경기', '김현우', '이민수', '9회 2사 2루서 내야 안타'),
(253, 253, 13, 12, 22367, '역전 경기', '한지훈', '정지훈', '2회 무사 1루서 좌익 안타'),
(254, 254, 1, 7, 1949, '호수비 경기', '임서연', '장수빈', '5회 무사 1루서 좌익 안타'),
(255, 255, 4, 14, 12266, '호수비 경기', '김수빈', '오준호', '1회 1사 3루서 내야 안타'),
(256, 256, 5, 5, 12842, '홈런 경기', '오준호', '임현우', '9회 무사 1루서 좌익 안타'),
(257, 257, 13, 14, 10455, '무실점 경기', '김지훈', '이지훈', '3회 2사 2루서 내야 안타'),
(258, 258, 5, 7, 8654, '2루타 경기', '오지훈', '박준호', '5회 2사 1루서 중전 안타'),
(259, 259, 5, 0, 12921, '홈런 경기', '박지원', '윤지훈', '5회 1사 1루서 내야 안타'),
(260, 260, 7, 3, 17740, '2루타 경기', '박서연', '오서연', '9회 1사 1루서 내야 안타'),
(261, 261, 2, 11, 19635, '홈런 경기', '이태현', '최민수', '3회 2사 3루서 중전 안타'),
(262, 262, 6, 14, 23348, '호수비 경기', '한준호', '이지훈', '3회 무사 3루서 우전 안타'),
(263, 263, 12, 10, 18044, '2루타 경기', '한현우', '최준호', '6회 2사 1루서 우전 안타'),
(264, 264, 3, 1, 23764, '샷 경기', '한태현', '이민수', '2회 1사 3루서 중전 안타'),
(265, 265, 8, 4, 23450, '2루타 경기', '한준호', '정수빈', '3회 1사 1루서 우전 안타'),
(266, 266, 8, 9, 11367, '샷 경기', '김민수', '김서연', '1회 1사 1루서 좌익 안타'),
(267, 267, 8, 7, 14815, '2루타 경기', '박지영', '김준호', '6회 1사 1루서 중전 안타'),
(268, 268, 8, 2, 10273, '2루타 경기', '박서연', '박민수', '2회 무사 1루서 중전 안타'),
(269, 269, 13, 11, 19212, '무실점 경기', '한지영', '오지영', '1회 무사 3루서 좌익 안타'),
(270, 270, 10, 10, 11568, '호수비 경기', '한유진', '장서연', '2회 무사 1루서 좌익 안타'),
(271, 271, 4, 2, 2229, '무실점 경기', '임서연', '박지원', '5회 무사 1루서 내야 안타'),
(272, 272, 13, 1, 14769, '호수비 경기', '최지원', '최태현', '1회 2사 2루서 좌익 안타'),
(273, 273, 4, 1, 7483, '홈런 경기', '임지영', '윤수빈', '6회 무사 1루서 좌익 안타'),
(274, 274, 1, 1, 6401, '호수비 경기', '김태현', '최준호', '3회 무사 2루서 좌익 안타'),
(275, 275, 1, 3, 20166, '호수비 경기', '정유진', '한지훈', '5회 1사 1루서 중전 안타'),
(276, 276, 0, 8, 9710, '샷 경기', '윤수빈', '윤지원', '6회 무사 3루서 좌익 안타'),
(277, 277, 5, 12, 19396, '2루타 경기', '오유진', '임현우', '8회 무사 2루서 내야 안타'),
(278, 278, 5, 12, 21998, '호수비 경기', '장지훈', '박수빈', '5회 무사 2루서 중전 안타'),
(279, 279, 12, 7, 23617, '홈런 경기', '최유진', '김태현', '4회 1사 2루서 좌익 안타'),
(280, 280, 6, 7, 18572, '홈런 경기', '최준호', '윤준호', '8회 무사 1루서 우전 안타'),
(281, 281, 14, 3, 15164, '2루타 경기', '임현우', '김지영', '8회 무사 1루서 좌익 안타'),
(282, 282, 5, 10, 3003, '2루타 경기', '정유진', '임지영', '3회 1사 1루서 우전 안타'),
(283, 283, 1, 6, 24320, '역전 경기', '김준호', '장지원', '6회 무사 3루서 중전 안타'),
(284, 284, 8, 12, 10034, '홈런 경기', '장서연', '윤수빈', '2회 2사 3루서 우전 안타'),
(285, 285, 2, 9, 22100, '샷 경기', '박준호', '박태현', '6회 2사 2루서 내야 안타'),
(286, 286, 6, 0, 5193, '역전 경기', '윤태현', '이서연', '6회 2사 1루서 중전 안타'),
(287, 287, 5, 7, 5930, '역전 경기', '오준호', '오유진', '1회 무사 3루서 내야 안타'),
(288, 288, 7, 8, 4177, '역전 경기', '윤지훈', '장유진', '1회 1사 3루서 중전 안타'),
(289, 289, 0, 13, 6286, '홈런 경기', '장민수', '장수빈', '9회 1사 2루서 우전 안타'),
(290, 290, 5, 3, 3318, '호수비 경기', '장서연', '오유진', '9회 무사 2루서 내야 안타'),
(291, 291, 14, 4, 12513, '2루타 경기', '오민수', '최태현', '9회 1사 3루서 내야 안타'),
(292, 292, 10, 0, 14138, '샷 경기', '한지훈', '정지영', '1회 무사 3루서 중전 안타'),
(293, 293, 12, 0, 2161, '역전 경기', '윤지영', '윤현우', '3회 무사 2루서 내야 안타'),
(294, 294, 10, 10, 8781, '무실점 경기', '최지영', '최지훈', '1회 1사 3루서 내야 안타'),
(295, 295, 4, 8, 23105, '호수비 경기', '박지원', '장태현', '9회 1사 1루서 우전 안타'),
(296, 296, 6, 8, 11757, '홈런 경기', '정서연', '정현우', '9회 1사 1루서 중전 안타'),
(297, 297, 6, 4, 23575, '무실점 경기', '윤지원', '한민수', '6회 2사 2루서 좌익 안타'),
(298, 298, 14, 6, 11467, '호수비 경기', '장민수', '윤유진', '2회 무사 2루서 내야 안타'),
(299, 299, 13, 8, 4278, '2루타 경기', '김지원', '이유진', '1회 2사 1루서 중전 안타'),
(300, 300, 1, 11, 23188, '무실점 경기', '임유진', '임서연', '8회 2사 3루서 우전 안타');

-- 8. match_players 테이블 삽입 (300개 레코드)
INSERT INTO match_players (id, match_id, team_id, player_id, position, batting_order, is_starting, innings_pitched, earned_runs, at_bats, hits, putouts, assists, errors) VALUES
(1, 64, 6, 40, '내야수', NULL, FALSE, 0.00, 0, 5, 0, 4, 2, 1),
(2, 99, 8, 97, '포수', 9, TRUE, 0.00, 0, 0, 0, 3, 1, 2),
(3, 57, 2, 48, '포수', NULL, TRUE, 0.00, 0, 5, 0, 2, 0, 2),
(4, 81, 3, 14, '투수', 7, TRUE, 7.11, 4, 0, 0, 0, 0, 2),
(5, 6, 10, 59, '포수', 2, FALSE, 0.00, 0, 6, 6, 0, 1, 1),
(6, 24, 10, 60, '내야수', 3, FALSE, 0.00, 0, 1, 0, 3, 2, 0),
(7, 13, 7, 6, '내야수', 6, TRUE, 0.00, 0, 3, 3, 1, 1, 0),
(8, 55, 2, 47, '투수', 2, TRUE, 7.66, 3, 0, 0, 0, 0, 0),
(9, 5, 10, 60, '투수', 4, TRUE, 4.98, 2, 0, 0, 0, 0, 2),
(10, 7, 1, 51, '내야수', 2, TRUE, 0.00, 0, 4, 4, 0, 2, 2),
(11, 25, 6, 24, '내야수', 9, TRUE, 0.00, 0, 3, 2, 5, 2, 0),
(12, 89, 2, 88, '투수', NULL, FALSE, 5.98, 1, 0, 0, 0, 0, 0),
(13, 58, 1, 76, '내야수', 8, FALSE, 0.00, 0, 4, 4, 0, 3, 2),
(14, 33, 9, 8, '외야수', 3, TRUE, 0.00, 0, 0, 0, 5, 3, 0),
(15, 18, 7, 55, '외야수', 6, TRUE, 0.00, 0, 0, 0, 4, 0, 2),
(16, 26, 7, 100, '외야수', 6, FALSE, 0.00, 0, 3, 2, 2, 1, 1),
(17, 85, 8, 20, '투수', 8, FALSE, 2.82, 7, 0, 0, 0, 0, 1),
(18, 98, 7, 6, '내야수', 4, TRUE, 0.00, 0, 2, 0, 5, 3, 1),
(19, 13, 9, 43, '외야수', 7, TRUE, 0.00, 0, 1, 0, 0, 1, 2),
(20, 73, 8, 20, '포수', 5, TRUE, 0.00, 0, 0, 0, 1, 1, 1),
(21, 51, 7, 75, '포수', 2, FALSE, 0.00, 0, 2, 2, 0, 1, 2),
(22, 25, 4, 89, '외야수', 6, TRUE, 0.00, 0, 3, 3, 3, 1, 2),
(23, 36, 3, 74, '외야수', 5, TRUE, 0.00, 0, 3, 0, 0, 1, 1),
(24, 84, 5, 32, '투수', NULL, FALSE, 5.64, 1, 0, 0, 0, 0, 1),
(25, 35, 10, 84, '포수', 9, TRUE, 0.00, 0, 2, 2, 4, 3, 0),
(26, 2, 7, 100, '외야수', 3, FALSE, 0.00, 0, 6, 6, 5, 3, 1),
(27, 66, 1, 62, '투수', 5, FALSE, 1.37, 7, 0, 0, 0, 0, 1),
(28, 61, 2, 85, '내야수', 2, TRUE, 0.00, 0, 4, 3, 5, 3, 2),
(29, 3, 4, 89, '포수', 5, FALSE, 0.00, 0, 1, 1, 2, 2, 0),
(30, 54, 10, 60, '외야수', 1, TRUE, 0.00, 0, 3, 0, 3, 3, 2),
(31, 23, 8, 49, '투수', 6, TRUE, 6.09, 1, 0, 0, 0, 0, 0),
(32, 85, 5, 1, '외야수', 9, TRUE, 0.00, 0, 6, 5, 3, 1, 0),
(33, 52, 10, 59, '투수', 6, FALSE, 4.70, 1, 0, 0, 0, 0, 1),
(34, 18, 7, 75, '포수', 6, TRUE, 0.00, 0, 1, 1, 1, 1, 1),
(35, 63, 9, 15, '투수', 7, FALSE, 3.85, 3, 0, 0, 0, 0, 0),
(36, 68, 3, 41, '투수', NULL, FALSE, 1.09, 1, 0, 0, 0, 0, 2),
(37, 35, 2, 88, '내야수', 7, FALSE, 0.00, 0, 1, 1, 2, 2, 1),
(38, 99, 5, 25, '포수', 6, TRUE, 0.00, 0, 3, 3, 4, 2, 0),
(39, 6, 10, 60, '투수', 8, FALSE, 4.17, 1, 0, 0, 0, 0, 1),
(40, 42, 9, 69, '포수', 2, TRUE, 0.00, 0, 5, 0, 3, 4, 2),
(41, 68, 4, 23, '내야수', NULL, FALSE, 0.00, 0, 0, 0, 2, 1, 1),
(42, 64, 4, 90, '내야수', 8, TRUE, 0.00, 0, 4, 4, 3, 4, 1),
(43, 27, 8, 49, '포수', NULL, TRUE, 0.00, 0, 2, 0, 3, 4, 1),
(44, 22, 6, 34, '외야수', 8, FALSE, 0.00, 0, 6, 4, 4, 0, 2),
(45, 62, 2, 30, '투수', NULL, TRUE, 3.17, 3, 0, 0, 0, 0, 0),
(46, 90, 7, 71, '투수', 5, TRUE, 3.74, 5, 0, 0, 0, 0, 0),
(47, 88, 7, 35, '포수', 2, TRUE, 0.00, 0, 1, 0, 0, 4, 2),
(48, 86, 5, 1, '투수', 3, TRUE, 6.22, 7, 0, 0, 0, 0, 2),
(49, 81, 10, 33, '포수', 4, FALSE, 0.00, 0, 0, 0, 2, 2, 1),
(50, 100, 6, 42, '내야수', 7, TRUE, 0.00, 0, 1, 0, 4, 3, 0),
(51, 62, 3, 81, '내야수', 6, TRUE, 0.00, 0, 5, 4, 2, 4, 2),
(52, 37, 8, 57, '내야수', 2, TRUE, 0.00, 0, 5, 0, 4, 1, 1),
(53, 13, 1, 73, '투수', 4, FALSE, 4.39, 2, 0, 0, 0, 0, 1),
(54, 2, 9, 8, '포수', 9, FALSE, 0.00, 0, 6, 1, 3, 4, 2),
(55, 28, 10, 56, '내야수', 7, TRUE, 0.00, 0, 1, 1, 3, 3, 1),
(56, 44, 9, 29, '외야수', 6, FALSE, 0.00, 0, 4, 1, 4, 0, 2),
(57, 20, 6, 93, '포수', 6, TRUE, 0.00, 0, 0, 0, 1, 4, 1),
(58, 71, 5, 94, '외야수', 1, FALSE, 0.00, 0, 5, 3, 3, 4, 1),
(59, 56, 7, 75, '투수', 6, FALSE, 2.95, 5, 0, 0, 0, 0, 2),
(60, 58, 10, 84, '외야수', 9, TRUE, 0.00, 0, 1, 1, 0, 4, 2),
(61, 89, 4, 12, '투수', 4, FALSE, 7.46, 7, 0, 0, 0, 0, 1),
(62, 36, 1, 73, '외야수', 2, TRUE, 0.00, 0, 4, 3, 1, 0, 2),
(63, 72, 2, 19, '투수', 1, TRUE, 2.68, 2, 0, 0, 0, 0, 1),
(64, 1, 2, 30, '포수', 7, TRUE, 0.00, 0, 4, 2, 4, 0, 0),
(65, 57, 4, 90, '외야수', 8, TRUE, 0.00, 0, 6, 1, 1, 0, 0),
(66, 91, 3, 52, '내야수', 5, TRUE, 0.00, 0, 1, 0, 4, 0, 0),
(67, 16, 1, 51, '투수', NULL, TRUE, 5.52, 4, 0, 0, 0, 0, 2),
(68, 20, 8, 57, '내야수', 2, FALSE, 0.00, 0, 6, 5, 1, 2, 1),
(69, 15, 8, 2, '포수', 5, FALSE, 0.00, 0, 6, 0, 1, 3, 1),
(70, 52, 7, 71, '포수', 7, TRUE, 0.00, 0, 2, 1, 3, 0, 0),
(71, 92, 3, 44, '내야수', 8, FALSE, 0.00, 0, 4, 3, 3, 0, 1),
(72, 62, 3, 53, '외야수', 1, FALSE, 0.00, 0, 5, 5, 5, 2, 2),
(73, 78, 6, 42, '내야수', 1, FALSE, 0.00, 0, 1, 0, 2, 3, 2),
(74, 33, 6, 42, '외야수', 4, TRUE, 0.00, 0, 6, 6, 0, 1, 2),
(75, 27, 9, 87, '포수', 7, TRUE, 0.00, 0, 1, 0, 1, 4, 0),
(76, 81, 9, 8, '포수', 1, TRUE, 0.00, 0, 6, 6, 2, 3, 0),
(77, 66, 5, 3, '외야수', 1, TRUE, 0.00, 0, 1, 1, 3, 3, 2),
(78, 60, 6, 93, '포수', 6, FALSE, 0.00, 0, 3, 1, 2, 3, 1),
(79, 29, 10, 56, '외야수', 6, TRUE, 0.00, 0, 6, 2, 5, 3, 1),
(80, 65, 5, 83, '외야수', 4, FALSE, 0.00, 0, 6, 0, 0, 1, 0),
(81, 53, 4, 7, '투수', 8, FALSE, 4.29, 1, 0, 0, 0, 0, 1),
(82, 49, 5, 39, '외야수', 6, FALSE, 0.00, 0, 1, 1, 2, 0, 0),
(83, 81, 10, 96, '포수', NULL, TRUE, 0.00, 0, 4, 3, 0, 2, 1),
(84, 35, 8, 49, '포수', 8, FALSE, 0.00, 0, 1, 0, 3, 1, 1),
(85, 63, 7, 26, '외야수', 9, TRUE, 0.00, 0, 1, 1, 5, 4, 0),
(86, 62, 5, 1, '외야수', 4, TRUE, 0.00, 0, 2, 2, 4, 1, 1),
(87, 38, 3, 14, '내야수', 8, FALSE, 0.00, 0, 6, 3, 2, 0, 2),
(88, 45, 9, 31, '외야수', 3, TRUE, 0.00, 0, 0, 0, 1, 1, 1),
(89, 5, 10, 72, '포수', NULL, FALSE, 0.00, 0, 4, 1, 0, 0, 0),
(90, 28, 6, 38, '내야수', 5, TRUE, 0.00, 0, 6, 0, 1, 0, 1),
(91, 65, 10, 64, '내야수', 2, FALSE, 0.00, 0, 6, 2, 3, 1, 1),
(92, 38, 10, 60, '내야수', 6, TRUE, 0.00, 0, 0, 0, 3, 3, 1),
(93, 64, 9, 43, '내야수', 7, TRUE, 0.00, 0, 2, 1, 5, 3, 1),
(94, 67, 9, 22, '투수', 2, FALSE, 5.90, 1, 0, 0, 0, 0, 0),
(95, 69, 4, 90, '외야수', 9, TRUE, 0.00, 0, 0, 0, 0, 0, 0),
(96, 82, 3, 44, '외야수', 1, TRUE, 0.00, 0, 5, 5, 2, 3, 2),
(97, 54, 6, 21, '투수', 2, FALSE, 5.82, 4, 0, 0, 0, 0, 0),
(98, 83, 10, 64, '투수', 4, TRUE, 6.63, 5, 0, 0, 0, 0, 0),
(99, 35, 9, 69, '내야수', 9, TRUE, 0.00, 0, 6, 1, 4, 3, 0),
(100, 37, 5, 3, '내야수', 9, TRUE, 0.00, 0, 3, 3, 1, 0, 0),
(101, 149, 9, 43, '외야수', 9, TRUE, 0.00, 0, 1, 1, 0, 4, 1),
(102, 76, 4, 7, '외야수', 1, FALSE, 0.00, 0, 4, 3, 1, 3, 0),
(103, 176, 5, 39, '포수', 6, TRUE, 0.00, 0, 5, 5, 1, 0, 1),
(104, 162, 10, 56, '내야수', 4, TRUE, 0.00, 0, 2, 2, 2, 0, 2),
(105, 28, 2, 48, '포수', 2, TRUE, 0.00, 0, 5, 0, 1, 3, 0),
(106, 72, 6, 93, '외야수', 9, FALSE, 0.00, 0, 5, 3, 3, 1, 1),
(107, 263, 8, 37, '내야수', 4, TRUE, 0.00, 0, 1, 0, 5, 3, 0),
(108, 25, 9, 8, '내야수', 2, FALSE, 0.00, 0, 4, 3, 1, 3, 2),
(109, 32, 10, 64, '투수', 2, TRUE, 2.39, 3, 0, 0, 0, 0, 1),
(110, 231, 4, 7, '내야수', 9, TRUE, 0.00, 0, 1, 0, 3, 1, 2),
(111, 281, 4, 90, '포수', 7, FALSE, 0.00, 0, 6, 1, 1, 1, 0),
(112, 239, 2, 50, '내야수', 3, TRUE, 0.00, 0, 6, 5, 2, 4, 2),
(113, 276, 9, 22, '포수', 2, FALSE, 0.00, 0, 6, 4, 3, 4, 0),
(114, 127, 2, 85, '포수', 1, FALSE, 0.00, 0, 5, 0, 1, 2, 2),
(115, 150, 5, 98, '포수', 7, TRUE, 0.00, 0, 2, 1, 5, 4, 2),
(116, 85, 7, 100, '외야수', 3, TRUE, 0.00, 0, 2, 2, 5, 4, 1),
(117, 178, 10, 60, '외야수', 6, FALSE, 0.00, 0, 0, 0, 2, 2, 0),
(118, 277, 8, 97, '투수', 7, FALSE, 3.68, 5, 0, 0, 0, 0, 2),
(119, 266, 1, 54, '포수', 4, TRUE, 0.00, 0, 4, 0, 4, 2, 1),
(120, 6, 3, 78, '외야수', 9, FALSE, 0.00, 0, 2, 0, 1, 0, 1),
(121, 262, 9, 69, '포수', 7, TRUE, 0.00, 0, 5, 2, 4, 4, 1),
(122, 145, 2, 46, '내야수', 1, TRUE, 0.00, 0, 2, 1, 3, 4, 0),
(123, 122, 2, 66, '포수', 5, FALSE, 0.00, 0, 5, 2, 1, 3, 1),
(124, 106, 6, 80, '포수', 7, FALSE, 0.00, 0, 4, 3, 2, 0, 1),
(125, 206, 1, 73, '외야수', 9, TRUE, 0.00, 0, 3, 1, 3, 4, 1),
(126, 200, 6, 80, '포수', 8, TRUE, 0.00, 0, 0, 0, 3, 3, 1),
(127, 232, 10, 56, '투수', 6, TRUE, 7.03, 0, 0, 0, 0, 0, 1),
(128, 158, 10, 72, '포수', 2, TRUE, 0.00, 0, 5, 4, 4, 0, 0),
(129, 137, 4, 23, '투수', 3, TRUE, 6.12, 6, 0, 0, 0, 0, 1),
(130, 257, 7, 5, '내야수', 3, TRUE, 0.00, 0, 4, 4, 5, 1, 0),
(131, 198, 7, 55, '투수', 4, TRUE, 7.43, 2, 0, 0, 0, 0, 0),
(132, 198, 8, 49, '포수', 1, TRUE, 0.00, 0, 4, 0, 4, 0, 2),
(133, 6, 9, 69, '포수', 5, FALSE, 0.00, 0, 1, 1, 3, 1, 0),
(134, 223, 7, 100, '내야수', 5, TRUE, 0.00, 0, 5, 1, 3, 4, 0),
(135, 51, 4, 86, '외야수', 2, FALSE, 0.00, 0, 1, 1, 0, 2, 0),
(136, 93, 2, 30, '외야수', 1, FALSE, 0.00, 0, 6, 6, 0, 4, 0),
(137, 12, 7, 6, '투수', 9, TRUE, 5.13, 4, 0, 0, 0, 0, 1),
(138, 263, 5, 1, '외야수', 2, FALSE, 0.00, 0, 1, 0, 0, 2, 1),
(139, 156, 9, 29, '포수', 5, FALSE, 0.00, 0, 5, 2, 0, 4, 1),
(140, 90, 8, 70, '내야수', 8, TRUE, 0.00, 0, 2, 0, 0, 2, 0),
(141, 186, 9, 87, '외야수', 5, TRUE, 0.00, 0, 6, 6, 4, 4, 2),
(142, 244, 10, 96, '포수', 6, FALSE, 0.00, 0, 2, 2, 1, 1, 1),
(143, 208, 3, 78, '투수', 8, TRUE, 4.55, 5, 0, 0, 0, 0, 1),
(144, 179, 5, 94, '내야수', 4, TRUE, 0.00, 0, 3, 0, 2, 1, 1),
(145, 166, 1, 73, '외야수', 1, FALSE, 0.00, 0, 2, 1, 3, 0, 1),
(146, 49, 8, 37, '내야수', 4, TRUE, 0.00, 0, 3, 1, 1, 3, 1),
(147, 140, 3, 41, '투수', 8, TRUE, 6.63, 1, 0, 0, 0, 0, 1),
(148, 73, 6, 65, '투수', 7, FALSE, 5.30, 4, 0, 0, 0, 0, 1),
(149, 163, 7, 36, '내야수', 7, TRUE, 0.00, 0, 6, 2, 1, 3, 1),
(150, 230, 8, 27, '투수', 9, TRUE, 0.93, 3, 0, 0, 0, 0, 0),
(151, 236, 9, 8, '투수', 7, FALSE, 0.23, 3, 0, 0, 0, 0, 0),
(152, 237, 3, 53, '내야수', 2, FALSE, 0.00, 0, 1, 0, 3, 2, 1),
(153, 296, 6, 16, '포수', 5, TRUE, 0.00, 0, 3, 1, 5, 1, 1),
(154, 79, 2, 47, '투수', 3, TRUE, 3.40, 4, 0, 0, 0, 0, 1),
(155, 64, 9, 43, '투수', 5, TRUE, 1.64, 7, 0, 0, 0, 0, 2),
(156, 238, 8, 2, '외야수', 7, FALSE, 0.00, 0, 3, 2, 1, 1, 1),
(157, 50, 4, 12, '투수', NULL, TRUE, 7.04, 3, 0, 0, 0, 0, 0),
(158, 181, 8, 49, '포수', 8, TRUE, 0.00, 0, 0, 0, 4, 0, 2),
(159, 68, 2, 88, '포수', 7, TRUE, 0.00, 0, 1, 0, 3, 1, 2),
(160, 103, 5, 3, '외야수', 9, TRUE, 0.00, 0, 3, 1, 5, 3, 0),
(161, 115, 7, 11, '외야수', 9, TRUE, 0.00, 0, 5, 1, 5, 2, 1),
(162, 45, 8, 2, '내야수', 8, FALSE, 0.00, 0, 5, 5, 0, 2, 1),
(163, 192, 7, 26, '외야수', 9, FALSE, 0.00, 0, 5, 0, 3, 3, 0),
(164, 131, 10, 59, '외야수', 3, FALSE, 0.00, 0, 1, 1, 4, 0, 2),
(165, 126, 10, 56, '내야수', NULL, FALSE, 0.00, 0, 3, 2, 5, 4, 1),
(166, 13, 7, 100, '포수', 3, TRUE, 0.00, 0, 1, 0, 3, 3, 1),
(167, 107, 6, 10, '투수', 7, TRUE, 0.51, 3, 0, 0, 0, 0, 2),
(168, 50, 4, 12, '투수', 3, FALSE, 1.52, 2, 0, 0, 0, 0, 1),
(169, 278, 6, 34, '투수', 4, TRUE, 3.80, 0, 0, 0, 0, 0, 2),
(170, 222, 6, 21, '투수', 3, FALSE, 5.28, 7, 0, 0, 0, 0, 0),
(171, 175, 6, 21, '내야수', 4, TRUE, 0.00, 0, 6, 2, 3, 4, 1),
(172, 139, 9, 29, '외야수', 6, TRUE, 0.00, 0, 5, 3, 4, 4, 0),
(173, 300, 2, 47, '내야수', 5, TRUE, 0.00, 0, 2, 1, 0, 0, 2),
(174, 264, 4, 90, '투수', NULL, TRUE, 0.77, 3, 0, 0, 0, 0, 1),
(175, 258, 7, 100, '외야수', 5, FALSE, 0.00, 0, 4, 3, 4, 3, 0),
(176, 271, 5, 1, '포수', 9, FALSE, 0.00, 0, 1, 1, 0, 3, 2),
(177, 291, 7, 35, '투수', 3, TRUE, 3.68, 2, 0, 0, 0, 0, 0),
(178, 65, 2, 50, '내야수', 4, TRUE, 0.00, 0, 0, 0, 0, 3, 1),
(179, 284, 9, 77, '포수', 1, TRUE, 0.00, 0, 2, 2, 3, 0, 2),
(180, 172, 3, 78, '내야수', 8, TRUE, 0.00, 0, 3, 2, 3, 3, 1),
(181, 212, 9, 8, '포수', 9, FALSE, 0.00, 0, 2, 2, 3, 2, 0),
(182, 52, 8, 49, '포수', 6, TRUE, 0.00, 0, 5, 2, 1, 2, 0),
(183, 30, 7, 55, '투수', 9, FALSE, 1.05, 6, 0, 0, 0, 0, 1),
(184, 217, 7, 71, '내야수', NULL, FALSE, 0.00, 0, 3, 1, 2, 1, 0),
(185, 272, 3, 78, '내야수', 9, TRUE, 0.00, 0, 5, 0, 2, 1, 1),
(186, 84, 3, 44, '포수', 5, TRUE, 0.00, 0, 5, 1, 5, 0, 2),
(187, 168, 8, 37, '포수', 1, FALSE, 0.00, 0, 2, 1, 4, 0, 0),
(188, 213, 6, 24, '포수', 7, FALSE, 0.00, 0, 0, 0, 1, 3, 1),
(189, 291, 2, 19, '포수', 9, TRUE, 0.00, 0, 5, 5, 2, 4, 2),
(190, 208, 2, 50, '내야수', 7, FALSE, 0.00, 0, 5, 5, 4, 1, 1),
(191, 115, 7, 11, '내야수', NULL, TRUE, 0.00, 0, 0, 0, 3, 2, 0),
(192, 242, 9, 69, '외야수', 6, TRUE, 0.00, 0, 6, 2, 2, 4, 1),
(193, 39, 9, 87, '투수', 6, TRUE, 3.89, 2, 0, 0, 0, 0, 1),
(194, 98, 6, 18, '내야수', 6, TRUE, 0.00, 0, 5, 5, 3, 1, 0),
(195, 290, 6, 18, '포수', 7, TRUE, 0.00, 0, 5, 1, 3, 4, 0),
(196, 15, 7, 36, '외야수', 4, FALSE, 0.00, 0, 6, 6, 0, 2, 1),
(197, 228, 3, 74, '포수', 3, FALSE, 0.00, 0, 4, 4, 0, 2, 0),
(198, 46, 4, 7, '내야수', 6, TRUE, 0.00, 0, 2, 0, 3, 1, 1),
(199, 189, 5, 83, '내야수', NULL, FALSE, 0.00, 0, 4, 4, 1, 1, 0),
(200, 179, 10, 96, '투수', 4, FALSE, 3.21, 3, 0, 0, 0, 0, 2),
(201, 251, 2, 47, '외야수', 1, TRUE, 0.00, 0, 6, 5, 1, 4, 0),
(202, 63, 5, 94, '투수', 7, TRUE, 6.33, 3, 0, 0, 0, 0, 2),
(203, 126, 3, 78, '외야수', 3, FALSE, 0.00, 0, 2, 1, 0, 1, 1),
(204, 48, 5, 39, '외야수', 3, FALSE, 0.00, 0, 2, 2, 3, 0, 1),
(205, 221, 8, 97, '외야수', 9, TRUE, 0.00, 0, 3, 2, 3, 2, 0),
(206, 125, 8, 70, '투수', 1, FALSE, 1.59, 5, 0, 0, 0, 0, 0),
(207, 238, 2, 66, '외야수', 7, FALSE, 0.00, 0, 6, 1, 0, 3, 1),
(208, 82, 4, 23, '외야수', 7, FALSE, 0.00, 0, 2, 2, 3, 0, 0),
(209, 173, 9, 43, '투수', 7, TRUE, 7.57, 2, 0, 0, 0, 0, 1),
(210, 287, 10, 72, '투수', 9, TRUE, 6.38, 7, 0, 0, 0, 0, 1),
(211, 7, 5, 39, '포수', NULL, FALSE, 0.00, 0, 0, 0, 3, 2, 2),
(212, 161, 10, 56, '외야수', 6, TRUE, 0.00, 0, 1, 0, 1, 1, 1),
(213, 119, 8, 27, '내야수', 3, TRUE, 0.00, 0, 3, 0, 2, 1, 1),
(214, 294, 10, 96, '포수', 4, FALSE, 0.00, 0, 1, 1, 0, 4, 2),
(215, 114, 7, 36, '투수', 8, TRUE, 7.01, 7, 0, 0, 0, 0, 2),
(216, 262, 6, 24, '외야수', 5, TRUE, 0.00, 0, 4, 2, 2, 4, 1),
(217, 218, 10, 72, '내야수', NULL, FALSE, 0.00, 0, 4, 1, 4, 0, 1),
(218, 266, 5, 13, '내야수', 3, TRUE, 0.00, 0, 4, 2, 4, 4, 1),
(219, 144, 5, 98, '내야수', 1, FALSE, 0.00, 0, 3, 3, 1, 1, 1),
(220, 178, 3, 28, '외야수', 9, TRUE, 0.00, 0, 2, 1, 2, 0, 1),
(221, 226, 5, 25, '포수', 8, TRUE, 0.00, 0, 2, 2, 5, 0, 2),
(222, 240, 7, 75, '외야수', NULL, TRUE, 0.00, 0, 4, 0, 0, 2, 1),
(223, 242, 6, 65, '투수', NULL, FALSE, 1.58, 0, 0, 0, 0, 0, 1),
(224, 72, 10, 96, '포수', 7, TRUE, 0.00, 0, 3, 1, 2, 4, 2),
(225, 175, 2, 50, '내야수', 9, TRUE, 0.00, 0, 0, 0, 4, 4, 2),
(226, 254, 5, 25, '내야수', 9, FALSE, 0.00, 0, 6, 3, 0, 1, 0),
(227, 14, 6, 34, '투수', 1, FALSE, 3.98, 5, 0, 0, 0, 0, 2),
(228, 270, 2, 47, '포수', 9, TRUE, 0.00, 0, 3, 0, 0, 0, 1),
(229, 251, 10, 72, '외야수', 4, FALSE, 0.00, 0, 5, 2, 1, 1, 2),
(230, 179, 1, 54, '외야수', 7, FALSE, 0.00, 0, 3, 3, 3, 4, 2),
(231, 247, 8, 49, '내야수', 5, FALSE, 0.00, 0, 1, 0, 5, 4, 0),
(232, 61, 4, 4, '내야수', 5, FALSE, 0.00, 0, 1, 1, 1, 2, 0),
(233, 287, 4, 86, '외야수', 1, TRUE, 0.00, 0, 1, 0, 5, 4, 1),
(234, 10, 10, 33, '내야수', 4, FALSE, 0.00, 0, 6, 6, 2, 0, 0),
(235, 191, 9, 22, '외야수', 1, FALSE, 0.00, 0, 2, 0, 1, 2, 1),
(236, 194, 5, 32, '내야수', 3, TRUE, 0.00, 0, 0, 0, 1, 4, 0),
(237, 97, 1, 76, '투수', 3, TRUE, 5.90, 5, 0, 0, 0, 0, 1),
(238, 134, 8, 70, '투수', 1, TRUE, 5.39, 2, 0, 0, 0, 0, 1),
(239, 287, 7, 6, '외야수', 3, TRUE, 0.00, 0, 0, 0, 0, 4, 0),
(240, 64, 3, 78, '내야수', 6, FALSE, 0.00, 0, 5, 0, 1, 1, 2),
(241, 158, 1, 73, '포수', 8, TRUE, 0.00, 0, 4, 1, 4, 2, 1),
(242, 25, 7, 5, '포수', 8, TRUE, 0.00, 0, 4, 2, 2, 3, 2),
(243, 223, 9, 77, '포수', 5, TRUE, 0.00, 0, 3, 3, 2, 3, 1),
(244, 288, 9, 22, '투수', 2, TRUE, 6.56, 0, 0, 0, 0, 0, 0),
(245, 136, 6, 18, '외야수', 5, TRUE, 0.00, 0, 1, 0, 5, 4, 1),
(246, 116, 3, 78, '내야수', 3, TRUE, 0.00, 0, 0, 0, 4, 3, 1),
(247, 64, 6, 24, '내야수', 4, FALSE, 0.00, 0, 6, 4, 3, 4, 2),
(248, 167, 2, 61, '내야수', 9, FALSE, 0.00, 0, 5, 2, 2, 4, 2),
(249, 285, 8, 27, '외야수', 2, TRUE, 0.00, 0, 5, 5, 2, 4, 0),
(250, 160, 4, 86, '내야수', 7, FALSE, 0.00, 0, 5, 3, 5, 4, 2),
(251, 39, 8, 20, '내야수', 1, TRUE, 0.00, 0, 5, 2, 3, 4, 2),
(252, 138, 9, 77, '투수', 8, TRUE, 7.15, 2, 0, 0, 0, 0, 0),
(253, 134, 1, 62, '투수', 9, FALSE, 6.42, 5, 0, 0, 0, 0, 2),
(254, 192, 3, 41, '내야수', 6, FALSE, 0.00, 0, 6, 1, 0, 0, 2),
(255, 140, 3, 52, '투수', NULL, TRUE, 7.44, 4, 0, 0, 0, 0, 0),
(256, 231, 5, 25, '외야수', 1, FALSE, 0.00, 0, 6, 5, 4, 3, 2),
(257, 169, 8, 27, '투수', 6, TRUE, 6.78, 7, 0, 0, 0, 0, 2),
(258, 70, 5, 32, '외야수', 3, TRUE, 0.00, 0, 3, 1, 1, 4, 0),
(259, 138, 2, 47, '외야수', 6, FALSE, 0.00, 0, 0, 0, 5, 2, 1),
(260, 256, 4, 89, '내야수', 6, FALSE, 0.00, 0, 0, 0, 5, 1, 2),
(261, 157, 3, 14, '투수', 9, TRUE, 5.63, 0, 0, 0, 0, 0, 1),
(262, 157, 4, 4, '내야수', 1, TRUE, 0.00, 0, 5, 0, 1, 4, 0),
(263, 52, 10, 59, '내야수', 2, TRUE, 0.00, 0, 3, 2, 0, 1, 0),
(264, 114, 2, 48, '내야수', 8, TRUE, 0.00, 0, 1, 1, 4, 3, 1),
(265, 233, 10, 64, '투수', 6, TRUE, 6.88, 6, 0, 0, 0, 0, 1),
(266, 12, 4, 86, '포수', 6, FALSE, 0.00, 0, 3, 1, 2, 4, 2),
(267, 143, 3, 99, '포수', 2, FALSE, 0.00, 0, 4, 4, 2, 4, 1),
(268, 163, 10, 72, '내야수', 8, FALSE, 0.00, 0, 2, 0, 3, 3, 2),
(269, 106, 8, 27, '포수', 5, TRUE, 0.00, 0, 0, 0, 5, 3, 1),
(270, 298, 9, 69, '포수', 2, TRUE, 0.00, 0, 2, 2, 1, 3, 1),
(271, 8, 1, 76, '포수', 7, TRUE, 0.00, 0, 6, 3, 4, 0, 1),
(272, 222, 3, 44, '내야수', 5, FALSE, 0.00, 0, 6, 4, 5, 3, 0),
(273, 30, 7, 55, '외야수', 7, TRUE, 0.00, 0, 6, 2, 0, 0, 2),
(274, 147, 4, 23, '투수', 6, TRUE, 4.62, 5, 0, 0, 0, 0, 1),
(275, 45, 2, 88, '투수', 1, FALSE, 7.34, 5, 0, 0, 0, 0, 2),
(276, 20, 5, 1, '투수', 6, FALSE, 3.66, 4, 0, 0, 0, 0, 0),
(277, 52, 8, 57, '투수', 1, TRUE, 0.64, 0, 0, 0, 0, 0, 0),
(278, 40, 9, 8, '포수', 8, TRUE, 0.00, 0, 2, 1, 3, 1, 0),
(279, 20, 8, 20, '외야수', 1, FALSE, 0.00, 0, 3, 1, 0, 2, 0),
(280, 200, 8, 20, '외야수', 7, TRUE, 0.00, 0, 5, 1, 1, 4, 1),
(281, 217, 9, 87, '내야수', NULL, FALSE, 0.00, 0, 0, 0, 2, 1, 1),
(282, 300, 9, 77, '내야수', NULL, FALSE, 0.00, 0, 6, 2, 0, 3, 0),
(283, 72, 1, 62, '내야수', 5, TRUE, 0.00, 0, 1, 1, 2, 0, 0),
(284, 220, 9, 31, '투수', 9, TRUE, 5.59, 7, 0, 0, 0, 0, 1),
(285, 229, 8, 49, '투수', 6, FALSE, 6.38, 3, 0, 0, 0, 0, 0),
(286, 204, 5, 25, '투수', 3, FALSE, 3.43, 2, 0, 0, 0, 0, 2),
(287, 173, 4, 23, '투수', 6, TRUE, 4.38, 2, 0, 0, 0, 0, 1),
(288, 113, 4, 7, '외야수', 3, FALSE, 0.00, 0, 3, 3, 5, 3, 2),
(289, 251, 10, 33, '투수', 1, TRUE, 1.14, 3, 0, 0, 0, 0, 0),
(290, 93, 8, 49, '외야수', 3, FALSE, 0.00, 0, 0, 0, 0, 2, 2),
(291, 175, 3, 74, '내야수', 4, TRUE, 0.00, 0, 1, 1, 2, 1, 1),
(292, 23, 1, 76, '투수', 9, TRUE, 1.24, 2, 0, 0, 0, 0, 1),
(293, 10, 2, 66, '포수', 4, FALSE, 0.00, 0, 2, 2, 3, 0, 0),
(294, 46, 9, 8, '투수', 2, TRUE, 3.67, 7, 0, 0, 0, 0, 0),
(295, 283, 5, 13, '외야수', 6, FALSE, 0.00, 0, 4, 1, 2, 1, 2),
(296, 272, 7, 71, '내야수', 6, TRUE, 0.00, 0, 4, 4, 4, 0, 0),
(297, 76, 1, 62, '포수', 7, FALSE, 0.00, 0, 1, 0, 2, 0, 0),
(298, 22, 9, 87, '내야수', 1, FALSE, 0.00, 0, 3, 2, 2, 0, 2),
(299, 4, 2, 19, '외야수', 1, FALSE, 0.00, 0, 1, 1, 3, 0, 2),
(300, 40, 4, 92, '내야수', 7, TRUE, 0.00, 0, 6, 2, 4, 4, 1);

-- 9. comments 테이블 삽입 (10개 레코드)
INSERT INTO comments (id, match_id, content, created_at, session_id, team_id, player_id) VALUES
(1, 83, '오늘 투수전 장난 아니다 ee', '2025-11-03 19:15:22', 'SESS_A1B2C3D4', 5, NULL),
(2, 22, '제발 역전 가자!!! 응원합니다!', '2025-11-03 19:28:45', 'SESS_E5F6G7H8', 2, NULL),
(3, 45, '선수들 화이팅입니다.', '2025-11-03 14:05:10', 'SESS_I9J0K1L2', NULL, NULL),
(4, 91, '타자 플레이가 예술이었네요!', '2025-11-03 20:32:59', 'SESS_M3N4O5P6', NULL, 25),
(5, 91, '경기력 정말 압도적이었어요.', '2025-11-03 20:41:59', 'SESS_Q7R8S9T0', 7, NULL),
(6, 83, '8회말 수비가 오늘 경기의 하이라이트였음', '2025-11-03 21:01:10', 'SESS_A1B2C3D4', NULL, NULL),
(7, 14, '선발투수 교체 타이밍이 좀 아쉽습니다.', '2025-11-03 19:50:34', 'SESS_V3W4X5Y6', NULL, 12),
(8, 5, '잘 던져줬어요!', '2025-11-03 19:51:22', 'SESS_Z7A8B9C0', 4, NULL),
(9, 77, '이 경기 직관했는데 관중수 진짜 많았어요.', '2025-11-04 22:11:03', 'SESS_D1E2F3G4', NULL, NULL),
(10, 77, '결승타 덕분에 이겼습니다. 감사합니다!', '2025-11-04 22:15:30', 'SESS_H5I6J7K8', 1, NULL);